age_range,2020-01-01,2020-01-02,2020-01-03,2020-01-04,2020-01-05,2020-01-06,2020-01-07,2020-01-08,2020-01-09,2020-01-10,2020-01-11,2020-01-12,2020-01-13,2020-01-14,2020-01-15,2020-01-16,2020-01-17,2020-01-18,2020-01-19,2020-01-20,2020-01-21,2020-01-22,2020-01-23,2020-01-24,2020-01-25,2020-01-26,2020-01-27,2020-01-28,2020-01-29,2020-01-30,2020-01-31,2020-02-01,2020-02-02,2020-02-03,2020-02-04,2020-02-05,2020-02-06,2020-02-07,2020-02-08,2020-02-09,2020-02-10,2020-02-11,2020-02-12,2020-02-13,2020-02-14,2020-02-15,2020-02-16,2020-02-17,2020-02-18,2020-02-19,2020-02-20,2020-02-21,2020-02-22,2020-02-23,2020-02-24,2020-02-25,2020-02-26,2020-02-27,2020-02-28,2020-02-29,2020-03-01,2020-03-02,2020-03-03,2020-03-04,2020-03-05,2020-03-06,2020-03-07,2020-03-08,2020-03-09,2020-03-10,2020-03-11,2020-03-12,2020-03-13,2020-03-14,2020-03-15,2020-03-16,2020-03-17,2020-03-18,2020-03-19,2020-03-20,2020-03-21,2020-03-22,2020-03-23,2020-03-24,2020-03-25,2020-03-26,2020-03-27,2020-03-28,2020-03-29,2020-03-30,2020-03-31,2020-04-01,2020-04-02,2020-04-03,2020-04-04,2020-04-05,2020-04-06,2020-04-07,2020-04-08,2020-04-09,2020-04-10,2020-04-11,2020-04-12,2020-04-13,2020-04-14,2020-04-15,2020-04-16,2020-04-17,2020-04-18,2020-04-19,2020-04-20,2020-04-21,2020-04-22,2020-04-23,2020-04-24,2020-04-25,2020-04-26,2020-04-27,2020-04-28,2020-04-29,2020-04-30,2020-05-01,2020-05-02,2020-05-03,2020-05-04,2020-05-05,2020-05-06,2020-05-07,2020-05-08,2020-05-09,2020-05-10,2020-05-11,2020-05-12,2020-05-13,2020-05-14,2020-05-15,2020-05-16,2020-05-17,2020-05-18,2020-05-19,2020-05-20,2020-05-21,2020-05-22,2020-05-23,2020-05-24,2020-05-25,2020-05-26,2020-05-27,2020-05-28,2020-05-29,2020-05-30,2020-05-31,2020-06-01,2020-06-02,2020-06-03,2020-06-04,2020-06-05,2020-06-06,2020-06-07,2020-06-08,2020-06-09,2020-06-10,2020-06-11,2020-06-12,2020-06-13,2020-06-14,2020-06-15,2020-06-16,2020-06-17,2020-06-18,2020-06-19,2020-06-20,2020-06-21,2020-06-22,2020-06-23,2020-06-24,2020-06-25,2020-06-26,2020-06-27,2020-06-28,2020-06-29,2020-06-30,2020-07-01,2020-07-02,2020-07-03,2020-07-04,2020-07-05,2020-07-06,2020-07-07,2020-07-08,2020-07-09,2020-07-10,2020-07-11,2020-07-12,2020-07-13,2020-07-14,2020-07-15,2020-07-16,2020-07-17,2020-07-18,2020-07-19,2020-07-20,2020-07-21,2020-07-22,2020-07-23,2020-07-24,2020-07-25,2020-07-26,2020-07-27,2020-07-28,2020-07-29,2020-07-30,2020-07-31,2020-08-01,2020-08-02,2020-08-03,2020-08-04,2020-08-05,2020-08-06,2020-08-07,2020-08-08,2020-08-09,2020-08-10,2020-08-11,2020-08-12,2020-08-13,2020-08-14,2020-08-15,2020-08-16,2020-08-17,2020-08-18,2020-08-19,2020-08-20,2020-08-21,2020-08-22,2020-08-23,2020-08-24,2020-08-25,2020-08-26,2020-08-27,2020-08-28,2020-08-29,2020-08-30,2020-08-31,2020-09-01,2020-09-02,2020-09-03,2020-09-04,2020-09-05,2020-09-06,2020-09-07,2020-09-08,2020-09-09,2020-09-10,2020-09-11,2020-09-12,2020-09-13,2020-09-14,2020-09-15,2020-09-16,2020-09-17,2020-09-18,2020-09-19,2020-09-20,2020-09-21,2020-09-22,2020-09-23,2020-09-24,2020-09-25,2020-09-26,2020-09-27,2020-09-28,2020-09-29,2020-09-30,2020-10-01,2020-10-02,2020-10-03,2020-10-04,2020-10-05,2020-10-06,2020-10-07,2020-10-08,2020-10-09,2020-10-10,2020-10-11,2020-10-12,2020-10-13,2020-10-14,2020-10-15,2020-10-16,2020-10-17,2020-10-18,2020-10-19,2020-10-20,2020-10-21,2020-10-22,2020-10-23,2020-10-24,2020-10-25,2020-10-26,2020-10-27,2020-10-28,2020-10-29,2020-10-30,2020-10-31,2020-11-01,2020-11-02,2020-11-03,2020-11-04,2020-11-05,2020-11-06,2020-11-07,2020-11-08,2020-11-09,2020-11-10,2020-11-11,2020-11-12,2020-11-13,2020-11-14,2020-11-15,2020-11-16,2020-11-17,2020-11-18,2020-11-19,2020-11-20,2020-11-21,2020-11-22,2020-11-23,2020-11-24,2020-11-25,2020-11-26,2020-11-27,2020-11-28,2020-11-29,2020-11-30,2020-12-01,2020-12-02,2020-12-03,2020-12-04,2020-12-05,2020-12-06,2020-12-07,2020-12-08,2020-12-09,2020-12-10,2020-12-11,2020-12-12,2020-12-13,2020-12-14,2020-12-15,2020-12-16,2020-12-17,2020-12-18,2020-12-19,2020-12-20,2020-12-21,2020-12-22,2020-12-23,2020-12-24,2020-12-25,2020-12-26,2020-12-27,2020-12-28,2020-12-29,2020-12-30,2020-12-31,2021-01-01,2021-01-02,2021-01-03,2021-01-04,2021-01-05,2021-01-06,2021-01-07,2021-01-08,2021-01-09,2021-01-10,2021-01-11,2021-01-12,2021-01-13,2021-01-14,2021-01-15,2021-01-16,2021-01-17,2021-01-18,2021-01-19,2021-01-20,2021-01-21,2021-01-22,2021-01-23,2021-01-24,2021-01-25,2021-01-26,2021-01-27,2021-01-28,2021-01-29,2021-01-30,2021-01-31,2021-02-01,2021-02-02,2021-02-03,2021-02-04,2021-02-05,2021-02-06,2021-02-07,2021-02-08,2021-02-09,2021-02-10,2021-02-11,2021-02-12,2021-02-13,2021-02-14,2021-02-15,2021-02-16,2021-02-17,2021-02-18,2021-02-19,2021-02-20,2021-02-21,2021-02-22,2021-02-23,2021-02-24,2021-02-25,2021-02-26,2021-02-27,2021-02-28,2021-03-01,2021-03-02,2021-03-03,2021-03-04,2021-03-05,2021-03-06,2021-03-07,2021-03-08,2021-03-09,2021-03-10,2021-03-11,2021-03-12,2021-03-13,2021-03-14,2021-03-15,2021-03-16,2021-03-17,2021-03-18,2021-03-19,2021-03-20,2021-03-21,2021-03-22,2021-03-23,2021-03-24,2021-03-25,2021-03-26,2021-03-27,2021-03-28,2021-03-29,2021-03-30,2021-03-31,2021-04-01,2021-04-02,2021-04-03,2021-04-04,2021-04-05,2021-04-06,2021-04-07,2021-04-08,2021-04-09,2021-04-10,2021-04-11,2021-04-12,2021-04-13,2021-04-14,2021-04-15,2021-04-16,2021-04-17,2021-04-18,2021-04-19,2021-04-20,2021-04-21,2021-04-22,2021-04-23,2021-04-24,2021-04-25,2021-04-26,2021-04-27,2021-04-28,2021-04-29,2021-04-30,2021-05-01,2021-05-02,2021-05-03,2021-05-04,2021-05-05,2021-05-06,2021-05-07,2021-05-08,2021-05-09,2021-05-10,2021-05-11,2021-05-12,2021-05-13,2021-05-14,2021-05-15,2021-05-16,2021-05-17,2021-05-18,2021-05-19,2021-05-20,2021-05-21,2021-05-22,2021-05-23,2021-05-24,2021-05-25,2021-05-26,2021-05-27,2021-05-28,2021-05-29,2021-05-30,2021-05-31,2021-06-01,2021-06-02,2021-06-03,2021-06-04,2021-06-05,2021-06-06,2021-06-07,2021-06-08,2021-06-09,2021-06-10,2021-06-11,2021-06-12,2021-06-13,2021-06-14,2021-06-15,2021-06-16,2021-06-17,2021-06-18,2021-06-19,2021-06-20,2021-06-21,2021-06-22,2021-06-23,2021-06-24
 0-4,8,6,7,8,5,5,9,7,5,4,6,7,2,6,8,6,1,7,6,7,6,6,7,7,5,7,6,5,7,9,11,5,7,10,8,8,7,4,5,4,8,3,8,9,4,3,14,7,8,6,5,3,4,6,7,8,3,4,8,4,6,2,10,7,10,10,6,5,5,5,1,8,6,8,7,4,3,4,7,4,6,4,7,5,5,7,7,10,4,2,3,2,1,3,4,3,,6,1,6,5,3,4,3,4,2,6,2,4,3,6,5,6,6,1,5,5,6,4,3,10,4,4,4,4,6,7,7,4,6,3,2,3,4,3,2,3,4,6,8,5,8,4,6,4,6,5,8,9,6,9,5,2,4,9,4,3,1,2,6,7,5,4,6,7,4,6,2,3,7,4,6,2,3,8,6,2,6,4,3,4,5,2,5,5,2,1,1,3,7,5,3,3,8,9,7,2,10,6,4,5,3,4,9,5,5,8,2,4,9,1,2,7,8,7,5,1,6,9,3,7,2,4,4,2,4,9,5,5,4,8,8,5,7,4,5,5,9,3,10,7,6,4,7,6,3,5,7,9,5,7,8,5,6,5,8,4,1,5,12,3,5,8,8,6,5,10,9,7,6,2,3,5,4,3,5,7,8,2,6,4,8,11,7,5,10,6,7,7,2,5,4,8,7,7,4,1,3,4,3,6,4,6,3,5,9,7,8,9,7,8,5,8,5,5,7,7,6,6,2,3,10,3,7,4,6,4,8,6,3,5,4,6,4,4,7,6,3,7,4,4,4,10,,3,12,9,1,8,2,2,6,6,5,9,4,4,7,10,13,2,3,6,3,10,,4,4,6,5,8,10,7,7,7,7,5,6,4,5,4,6,3,1,3,6,3,2,4,4,6,2,1,5,8,2,5,,4,6,2,7,5,3,7,1,2,2,3,,5,8,6,8,4,4,2,2,4,7,2,4,6,1,2,6,5,8,6,2,5,4,3,3,8,3,3,3,3,3,4,6,6,3,5,5,6,6,6,2,2,5,3,6,2,4,1,2,2,7,2,4,3,,4,3,2,3,4,,,4,5,6,7,4,4,4,3,2,5,3,4,2,8,5,5,11,3,6,4,7,4,6,2,3,4,5,2,5,2,7,4,5,8,7,6,3,3,2,2,3,2,6,4,4,3,4,5,2,5,4,2,1,2,3,1,3,4,3,7,3,7,,3,,,,,,
 5-9,,,,,1,1,2,,1,,,,1,1,,,,,,,1,2,,,,,,1,,,1,,,1,,,1,3,,1,,,2,2,2,1,,,,,1,1,,1,,1,,,,1,1,1,,,,,1,,,1,1,1,,,,,1,,2,1,,,,1,1,,1,,,3,1,,,,,,,1,,,,1,,,,,,,,1,,1,,,2,,,,,1,,,,2,,1,,,,1,,3,,,,1,1,1,,,1,,,,1,,,,,,1,,,,,1,,1,,2,1,1,,,1,,1,,,,,,,,,1,,,,,,,,,,1,,,,,,2,1,,,,,,2,,,1,,,1,,,,1,,,,,1,,,,,1,,,1,2,,,,,,3,,,,,,,,,,1,1,,,,1,1,1,1,,,,,1,,,2,1,1,2,,,,1,1,,2,1,1,,3,,1,1,1,,1,2,1,,,,,,,1,,,,2,1,2,,1,,1,2,1,,,2,,,,,3,,2,,2,,2,2,2,1,1,1,,,2,,1,1,,,,1,,1,1,,1,,2,1,,1,,2,,1,,,,2,,,3,,,1,2,,,,,,,1,1,2,1,2,,,,1,,,,,,2,1,,1,,,,1,1,,,1,,,,1,1,2,,,,1,2,1,,2,,,,,1,,1,,1,,,,,1,1,1,,,,2,,1,2,,,2,1,2,,1,3,2,,,,2,,,1,,1,1,,,,1,,1,,,,1,,,1,,1,,,,,1,,,,,,,,,2,,,1,,1,,1,,,,,,,,,2,1,,3,,1,,,1,,,2,,1,,,,,1,,,1,,,1,,,1,1,,,,,,,,1,,2,,,,1,1,,,,2,1,,,,,,,,,,
 10-14,,,,1,,,1,2,,,,3,,,1,2,1,,2,2,,,,,,1,,2,,2,,,2,3,,1,3,2,1,1,,,2,,3,,2,,,,1,,,,,,,,2,,,1,,,,,,,1,2,2,,1,1,,,1,2,,1,1,1,,,1,1,1,,,,,,,,1,,1,2,,,,,,,2,,,,1,1,,1,1,,,,,,2,,3,,2,,,1,,1,1,,1,,1,1,,1,,,1,,,,,1,,,1,2,,1,,1,1,,1,1,,,3,1,1,1,,,,1,,,2,1,,,1,2,1,,,,,1,,,1,,,1,1,,1,1,,,,,,,,1,,,2,,,,,,1,,,1,,,1,2,1,,,1,2,1,1,,1,1,,,,,,,,,2,1,3,,,2,,,1,,1,,,1,1,,1,,,2,1,,1,1,,,1,1,3,,,1,1,,1,2,,,3,2,,1,1,,,,1,1,,,1,,,2,,,1,,1,2,1,,1,,1,1,1,1,,2,,,,,1,,,3,,,,,1,,1,,,4,2,,,,2,1,,,3,,1,1,,,,1,1,4,,1,,2,2,3,1,,1,1,2,1,,,1,,,1,,,1,,1,,,1,,,1,,,,3,,,,1,3,1,1,,1,,,2,,1,1,1,1,,,2,1,,1,1,1,2,1,,1,,,1,3,3,,3,2,1,,,,1,,,,1,3,1,,2,1,,1,1,1,,,,,,1,2,1,,1,,2,,,2,,,,,1,,,1,1,1,3,1,1,2,1,2,1,,,,,,1,,,,,1,1,1,2,1,,,1,,,3,,3,2,2,,,,,,2,1,1,,1,1,,,,,,,1,,1,1,1,,,,,2,,,1,,1,1,,2,2,,,1,1,1,1,1,1,1,,1,,,,,,,,,,,
 15-19,,2,1,1,3,3,2,1,2,2,2,3,,2,,2,3,6,,1,1,2,,2,1,3,2,3,1,3,6,2,1,2,1,3,1,1,2,1,2,3,,6,2,3,2,1,1,,3,3,1,1,1,,1,,2,,,1,,1,,,,3,2,1,2,1,1,2,1,1,1,4,1,2,,,1,1,3,2,,1,2,,1,1,,,3,,1,,,2,,2,1,2,3,3,1,1,,2,,,4,1,1,2,,1,1,,2,1,3,1,,2,,1,1,2,,,1,,3,2,,,,,,2,3,1,1,2,,,2,,2,1,2,2,4,2,1,1,,1,,1,1,1,1,2,,1,1,1,,2,1,1,2,,1,,,,,,1,1,,2,,2,,,1,2,2,2,2,2,2,3,1,,2,,2,2,1,,1,2,1,2,2,1,2,1,,,2,2,4,1,1,3,1,1,1,,,1,,3,,3,2,,,,3,1,2,,,2,2,6,,,1,1,,,1,1,2,1,,,2,,4,2,6,1,1,3,2,4,1,1,2,2,1,,1,1,4,,1,,1,,1,2,3,2,2,2,3,,1,2,2,,4,1,1,3,1,2,2,1,2,2,2,1,,2,3,2,,1,3,,1,3,4,3,2,,2,3,1,1,3,3,1,4,5,,,1,2,2,,3,3,2,1,,,1,1,,,1,3,,1,2,1,1,2,3,1,1,1,4,1,3,4,,3,2,2,4,1,1,1,3,2,1,1,2,,1,3,,3,2,,5,4,2,1,2,3,1,4,2,2,1,3,2,1,4,3,1,1,3,2,,1,1,,1,,1,1,6,,1,,2,2,1,1,4,1,1,6,5,1,3,,2,1,2,1,2,,2,,2,1,,3,2,,,,1,1,1,3,1,2,1,1,6,3,,2,1,2,1,4,2,4,1,2,2,2,4,1,,2,1,1,,1,3,1,1,3,4,1,3,1,,,,2,,4,,1,2,1,,2,2,2,,2,3,3,2,,1,,2,2,1,1,3,3,1,1,1,1,,,1,,,,1,,,1,,,2,1,1,1,,2,,2,,,1,1,,,,1,,,,
 20-24,2,3,2,3,3,3,4,1,4,2,6,2,3,4,5,7,6,1,2,4,3,8,4,4,6,5,1,1,1,,4,2,4,1,6,3,5,4,3,2,3,5,4,2,2,2,5,2,1,3,3,2,2,1,,5,2,1,1,2,2,3,5,4,3,2,2,2,1,2,6,1,3,1,1,5,5,1,2,4,,2,5,6,1,2,1,2,2,2,,3,,1,,,,2,,2,,2,,,3,2,2,,,,,2,1,,1,,3,1,,2,2,1,1,1,2,2,2,3,,,3,4,4,5,3,2,,1,1,5,1,3,2,2,6,1,3,3,,2,2,,1,1,1,2,2,1,3,2,4,3,,2,1,3,4,4,,,1,,1,1,3,1,2,1,1,3,2,1,1,,,4,1,1,4,2,1,3,2,2,2,5,3,1,2,1,1,1,3,3,3,1,2,2,5,4,3,1,1,3,2,,1,4,2,1,3,1,3,1,6,4,2,1,1,5,1,3,1,5,2,1,3,1,2,3,1,2,,,5,2,,3,4,2,3,3,,2,2,1,1,3,4,1,6,3,5,2,4,5,1,,3,3,5,6,2,3,5,5,5,5,2,3,5,2,3,2,,5,1,4,,1,1,,1,3,3,2,1,,,3,4,3,,2,,1,6,5,2,2,3,2,1,4,1,3,2,5,3,2,,4,6,2,2,4,1,1,5,1,,3,2,2,5,2,4,5,2,3,3,2,4,3,2,2,3,1,5,2,2,5,3,1,5,4,3,4,3,2,1,4,1,1,2,4,3,2,3,2,7,6,3,3,1,4,7,5,1,8,3,,2,1,2,3,2,,7,2,1,3,5,3,1,6,2,2,4,2,4,1,1,4,6,3,4,4,6,5,2,3,4,1,1,7,,3,3,6,7,,,1,4,,1,8,4,1,5,,4,1,2,4,4,1,1,4,,3,2,2,2,2,5,2,3,2,2,1,2,3,5,1,3,3,6,3,,1,3,1,5,,3,3,3,2,,4,6,2,2,2,1,4,1,3,4,,3,1,1,6,1,3,3,3,1,1,7,3,7,3,3,3,1,2,2,,8,3,4,,2,1,,4,1,5,1,1,1,1,,1,,2,3,1,,1,1,1,,2,1,,1,1,1,,1,,,,1,,
 25-29,5,5,5,4,4,5,6,6,6,4,4,3,2,1,3,5,4,2,5,2,3,1,5,3,4,3,1,2,2,9,2,2,3,4,3,3,3,5,2,5,3,6,3,1,3,5,3,2,6,6,4,4,5,4,1,6,1,2,3,1,2,,5,2,4,3,3,4,3,1,5,4,4,5,4,,5,2,3,1,2,1,5,2,2,2,5,,2,,1,4,,1,2,4,4,1,,1,2,2,,2,1,2,1,3,1,3,1,2,4,4,3,3,1,5,1,2,1,2,3,,1,4,2,2,2,4,3,4,4,3,3,3,3,2,4,3,5,3,3,5,5,2,4,1,7,3,6,3,,4,5,3,2,2,4,3,9,5,4,3,5,3,5,1,1,1,1,1,2,1,2,,1,1,2,3,2,1,2,2,1,6,1,2,1,2,1,1,4,1,3,2,5,5,1,6,1,8,4,3,1,1,2,4,6,2,1,6,4,6,4,4,2,3,4,2,3,3,2,4,5,4,3,3,1,4,7,2,4,2,3,3,7,2,2,7,6,2,,2,3,,2,2,5,3,8,9,9,4,3,3,3,3,2,1,4,3,5,6,6,4,4,5,2,8,6,5,5,3,2,1,1,2,3,1,4,4,3,2,2,2,3,2,3,6,8,6,7,3,3,5,1,1,5,3,3,2,3,3,4,3,3,3,4,3,6,4,3,3,,5,2,3,3,5,3,,5,2,7,5,2,7,1,5,5,3,2,1,4,3,5,4,3,2,3,2,3,4,1,3,5,3,1,1,5,2,3,6,5,4,2,2,5,2,2,2,2,5,5,3,5,2,2,4,2,2,5,6,4,2,2,5,2,3,3,4,7,1,3,2,8,2,5,4,3,4,1,1,4,4,2,2,6,1,4,2,6,2,3,4,3,3,2,2,2,1,3,4,4,1,3,2,3,1,3,5,2,1,4,4,1,,2,2,1,4,4,1,3,4,4,2,3,5,5,3,3,4,4,3,1,1,4,5,4,2,,4,2,5,6,5,3,6,1,4,6,2,3,3,2,3,6,10,4,4,3,2,6,4,,3,2,2,2,7,2,8,8,3,4,4,3,9,5,5,5,3,3,8,7,9,4,2,5,8,4,6,3,3,10,5,6,2,1,3,5,11,5,3,4,3,3,4,2,3,3,3,4,5,2,,4,1,,1,2,3,,,1,,,,
 30-34,5,,6,5,5,6,5,2,3,9,6,1,1,2,3,8,8,8,8,3,12,2,6,6,6,5,5,6,12,5,8,2,12,6,3,8,7,6,2,4,5,3,5,7,6,4,7,3,5,3,1,3,4,4,2,3,5,4,1,7,2,6,4,5,2,2,6,3,6,2,3,3,3,6,2,6,1,3,5,7,9,2,5,3,4,4,2,1,4,5,4,3,1,1,4,,,,3,4,2,4,3,5,2,1,1,7,5,4,1,4,2,2,3,2,4,2,,,1,,2,3,1,2,4,3,7,3,6,6,,1,4,2,3,3,2,1,1,4,9,3,4,4,5,5,6,3,5,5,2,9,9,3,4,,4,4,7,6,2,5,4,7,3,5,1,4,8,5,3,3,2,4,2,6,5,1,3,2,6,4,4,2,,4,3,6,2,2,2,2,5,2,4,1,4,6,1,2,1,3,6,1,4,7,3,5,2,2,5,6,3,2,2,4,4,6,3,4,2,4,6,2,1,5,1,3,6,1,5,4,3,3,4,7,2,5,5,7,5,7,5,5,3,3,1,2,6,4,5,3,5,5,7,6,2,7,3,6,4,2,4,6,7,5,13,5,5,9,4,4,3,5,5,6,6,1,5,7,6,6,4,4,8,4,,5,5,4,,8,4,3,6,1,7,8,3,4,7,2,5,3,4,6,6,6,1,2,4,4,3,5,2,5,4,7,6,2,5,3,3,7,3,3,3,6,7,3,2,,3,5,4,4,2,4,5,3,4,1,6,3,9,5,4,5,3,4,2,3,5,4,8,3,2,3,4,6,7,2,5,5,7,4,4,4,3,4,6,4,6,3,6,4,4,3,5,1,7,5,5,3,2,4,2,2,3,9,5,2,5,2,5,5,2,4,6,3,4,6,4,1,6,1,4,8,1,5,6,5,2,3,4,3,4,3,5,3,5,2,4,1,5,4,3,4,5,7,1,3,4,4,4,1,3,4,6,5,1,3,6,1,5,1,2,4,3,6,1,5,5,7,3,5,7,8,5,4,3,2,3,5,4,4,3,1,2,5,4,4,5,10,4,6,7,11,7,7,13,12,8,4,10,5,7,10,14,8,13,11,12,14,12,7,8,14,14,10,10,8,12,10,9,4,18,6,7,7,13,14,6,7,6,2,7,5,8,6,5,2,4,3,3,5,4,4,4,5,2,1,1,2,,,,,
 35-39,7,7,10,3,3,6,5,8,2,7,6,7,5,4,4,6,6,2,7,11,6,7,4,3,3,5,10,6,4,6,5,9,5,3,2,5,9,6,6,3,7,5,5,4,6,11,11,4,7,3,6,5,2,6,3,5,6,8,8,6,6,5,8,7,4,8,6,5,4,5,3,,8,4,7,5,9,4,5,4,1,7,3,10,4,6,4,7,4,4,7,3,4,4,6,2,5,5,5,5,4,,5,3,5,4,3,1,1,2,2,1,5,3,5,1,1,3,5,3,3,1,5,3,1,2,1,4,3,1,6,1,6,3,1,2,3,3,6,5,6,8,4,2,11,3,9,10,11,8,8,6,8,3,3,8,10,5,4,8,7,9,6,7,4,5,9,10,4,5,3,4,2,4,7,3,9,3,2,3,4,6,7,6,6,3,7,3,10,11,3,2,8,3,3,6,3,5,5,6,3,5,4,9,5,6,2,4,4,7,6,5,5,3,4,7,4,4,5,8,6,2,5,2,5,8,5,4,10,9,13,10,6,6,7,7,6,10,7,3,4,4,7,8,8,4,12,5,4,8,4,6,5,5,8,9,3,4,7,9,11,11,7,5,6,4,10,3,7,4,10,9,7,5,4,5,6,2,7,7,8,9,7,7,7,7,9,10,5,7,5,7,3,5,4,7,8,2,5,9,4,5,7,5,9,6,4,6,4,8,9,3,3,6,5,8,6,5,9,4,6,6,7,3,4,6,7,5,7,6,4,4,4,4,5,4,5,6,2,5,4,5,8,4,7,5,7,4,6,4,10,7,10,5,5,7,7,3,2,1,6,3,4,9,2,8,3,6,3,4,7,8,5,6,6,6,4,7,5,3,7,11,4,6,8,6,12,10,7,1,5,8,2,,8,5,3,12,12,4,10,4,9,3,2,6,8,4,4,4,6,8,4,7,5,3,3,1,6,6,5,3,2,4,5,4,3,4,5,5,6,10,6,7,8,7,4,4,6,6,4,2,5,7,3,6,7,8,5,10,10,5,4,10,8,7,2,8,3,6,3,3,5,5,7,7,6,2,3,11,7,4,3,8,9,4,8,11,13,15,7,12,10,8,16,16,11,15,12,10,25,17,14,16,18,17,16,18,12,15,13,17,16,16,21,13,18,13,15,16,18,18,16,7,12,14,9,8,7,5,13,5,11,5,2,8,4,5,5,4,6,1,5,4,3,,2,,,,
 40-44,11,6,7,8,18,8,9,10,9,6,5,9,9,8,12,10,9,15,12,6,7,10,9,2,8,10,7,5,7,4,7,10,3,6,8,10,12,9,8,9,8,10,6,8,4,7,3,9,9,8,7,10,9,5,10,7,5,10,9,4,7,4,5,6,9,7,8,10,5,12,8,8,7,5,6,5,13,8,4,5,5,5,8,2,9,10,3,6,5,5,1,6,7,1,7,9,4,8,,4,5,6,8,3,8,3,2,5,7,5,8,5,5,4,2,3,4,4,4,6,2,6,1,5,5,6,4,6,7,9,5,8,7,2,7,7,11,10,6,9,6,12,3,20,13,5,13,8,5,9,14,7,8,12,11,14,6,7,3,8,12,16,15,9,10,12,12,9,8,9,10,5,5,6,5,9,5,6,13,14,7,11,5,11,13,10,8,3,5,7,4,7,6,6,7,10,11,5,10,5,4,4,8,8,11,8,9,4,13,8,8,3,10,8,6,9,10,8,7,11,10,3,10,13,6,4,8,9,5,12,13,11,9,9,6,8,7,7,9,5,10,8,2,11,12,5,8,7,14,9,10,11,17,13,10,12,6,5,10,11,10,8,13,8,7,2,6,8,9,8,11,6,6,8,7,6,6,5,10,8,6,7,5,9,7,7,9,14,8,7,12,7,8,15,2,12,10,8,15,7,7,5,6,11,11,9,9,7,5,8,4,9,11,12,5,8,7,6,8,9,7,9,6,8,11,8,12,6,5,8,10,15,4,10,2,4,8,14,17,6,7,8,8,14,4,8,4,5,7,4,9,10,11,7,10,5,7,9,8,10,14,5,4,8,12,11,14,11,6,11,9,10,9,10,5,9,8,8,11,8,8,4,5,11,6,6,13,6,7,11,10,9,7,7,4,9,7,2,6,7,5,6,8,10,10,10,11,5,6,7,7,9,9,4,10,10,12,3,10,9,3,5,9,8,4,10,11,9,5,13,7,6,8,8,6,9,5,10,6,7,4,7,5,4,7,13,5,9,7,7,10,9,7,10,3,5,6,6,5,11,6,5,7,9,5,10,7,13,10,9,7,10,10,12,13,10,11,19,12,11,14,18,15,16,17,22,17,29,24,22,30,19,12,16,20,31,32,22,20,16,28,17,18,16,30,24,21,19,18,25,29,22,28,16,13,12,15,12,9,10,4,7,9,9,4,9,7,6,6,3,3,8,7,,2,1,1,2,,,
 45-49,17,15,13,12,10,12,9,8,5,11,13,12,16,9,6,8,7,12,10,8,14,18,4,12,15,10,15,16,14,11,8,12,9,9,16,5,9,7,11,13,4,7,12,11,8,8,8,9,8,10,6,11,8,11,12,9,11,11,11,5,10,13,13,8,11,4,8,5,6,6,16,8,10,11,10,12,7,14,7,12,12,7,7,9,3,8,10,6,8,5,11,7,9,9,10,7,6,9,6,10,5,11,7,6,7,7,7,10,7,7,5,6,8,7,13,2,9,7,6,4,8,8,12,10,8,6,8,8,3,8,11,8,8,4,10,6,6,6,6,9,9,7,10,14,10,14,16,15,17,17,10,11,22,11,7,12,11,18,10,16,19,10,13,8,12,18,18,17,17,7,7,9,14,7,10,7,11,18,12,9,12,6,10,13,14,7,16,10,11,7,9,13,6,8,12,8,10,13,12,10,12,14,4,6,12,7,9,9,14,11,16,12,11,13,11,11,17,11,7,9,14,12,10,13,8,10,14,14,8,12,12,13,6,6,6,14,7,11,16,12,6,15,13,13,17,16,11,15,23,16,13,14,11,17,21,16,10,14,13,14,15,13,11,9,18,19,7,15,11,4,9,11,21,12,11,8,8,7,13,13,10,9,22,13,11,11,6,8,17,16,13,7,17,4,11,7,8,9,14,13,22,8,11,10,10,12,15,12,9,17,12,6,7,23,12,6,10,12,14,15,14,9,10,6,13,11,11,8,10,16,8,6,8,14,17,15,7,12,12,11,7,13,9,7,15,14,10,12,13,17,7,8,8,16,16,10,6,7,12,14,10,17,14,17,17,15,9,11,8,13,12,6,8,10,9,13,6,7,12,11,16,8,13,10,14,15,11,12,11,11,15,9,8,10,7,17,9,14,12,9,12,9,11,7,7,12,7,7,11,11,7,10,11,14,7,20,16,8,9,15,11,7,9,17,14,12,12,13,4,11,16,8,11,10,14,6,5,8,3,8,14,11,10,8,9,11,9,12,8,10,19,16,14,7,16,18,12,11,13,12,7,9,10,21,11,16,14,19,17,14,19,13,14,13,11,16,20,22,20,17,13,29,24,33,27,27,30,21,45,34,37,25,28,39,25,46,41,37,36,27,42,34,27,32,31,22,27,33,23,30,22,28,27,19,19,22,15,15,24,22,10,12,17,10,14,12,14,8,10,8,7,13,5,1,,1,,1,,,
 50-54,11,12,19,10,5,15,18,14,18,10,10,17,12,15,23,15,10,15,18,18,11,8,14,23,12,19,14,17,18,10,10,13,11,17,5,4,10,16,14,9,14,7,15,11,13,10,16,9,14,13,14,8,19,15,20,20,15,7,16,18,7,17,15,9,11,8,7,9,13,13,9,5,12,13,15,9,12,10,13,9,20,12,16,15,8,7,14,7,7,8,5,10,7,16,10,13,6,14,10,10,7,14,10,6,3,6,8,12,10,8,11,9,14,5,7,8,6,11,10,10,6,16,7,4,10,10,6,9,17,6,9,9,14,8,11,9,10,12,13,18,15,12,20,19,24,13,22,19,18,28,20,19,15,22,19,19,18,14,16,19,22,7,18,19,17,25,19,18,17,17,23,17,17,8,16,18,23,18,13,11,15,15,13,12,13,17,14,9,19,17,15,12,16,21,14,11,13,16,18,15,9,12,14,12,13,18,14,14,18,16,9,20,14,20,21,19,17,13,16,23,24,7,19,14,17,14,16,17,19,20,13,5,15,13,23,17,19,13,12,21,12,22,19,10,23,17,17,16,20,22,21,20,16,18,20,17,25,14,21,16,16,20,16,13,23,22,14,13,14,17,21,17,16,22,9,26,12,12,16,13,16,16,16,13,8,19,9,11,19,20,16,7,16,13,12,22,18,14,13,14,7,15,21,13,12,7,18,17,13,13,11,19,10,18,14,12,17,13,11,14,14,23,9,12,14,12,13,20,8,19,21,14,19,7,11,12,12,15,13,15,19,21,15,17,17,15,20,23,16,12,20,12,19,11,18,17,11,23,13,7,10,11,23,12,18,8,18,14,11,12,8,18,9,14,12,18,10,6,15,8,21,17,7,9,11,8,12,14,11,12,13,8,14,13,11,17,9,9,14,11,10,16,9,15,4,9,11,9,17,14,12,19,12,14,19,15,11,10,19,11,17,10,9,15,19,10,16,16,16,15,9,9,11,16,13,14,13,19,12,10,14,11,16,9,12,13,24,11,15,18,9,13,16,8,13,13,15,15,16,16,18,12,10,17,18,14,17,21,19,18,11,20,17,26,11,21,22,29,20,20,31,44,40,35,30,43,43,46,47,46,58,34,38,46,46,57,39,50,54,49,37,41,53,37,47,39,37,31,31,36,34,41,27,21,28,31,28,25,25,16,16,12,13,9,17,13,13,15,20,9,9,4,11,2,7,1,2,,,,
 55-59,21,16,13,12,16,11,10,17,18,16,19,11,15,15,13,26,14,17,15,16,22,11,12,19,13,10,11,18,13,16,22,15,13,14,9,24,18,13,18,17,11,13,18,10,18,17,17,9,13,15,19,17,15,13,20,19,16,17,17,16,23,7,18,19,9,20,12,10,11,14,18,17,10,16,15,9,24,18,13,13,14,17,17,15,13,11,10,14,11,14,16,18,6,8,10,8,8,10,12,13,16,16,6,10,10,12,8,7,7,14,6,9,15,15,4,7,4,11,16,9,12,10,13,11,14,12,13,8,13,15,17,13,20,14,10,20,9,16,18,15,19,20,20,17,31,18,22,26,25,26,17,37,22,25,28,24,30,31,21,22,33,18,24,32,23,31,27,24,26,16,26,16,18,26,16,17,25,21,19,25,23,18,12,27,24,20,24,24,23,20,20,20,22,15,18,23,13,20,17,17,17,22,14,25,15,14,13,13,21,18,17,16,20,31,23,16,23,19,23,14,18,20,22,18,13,20,25,20,24,25,21,13,20,22,20,14,29,17,22,20,29,25,18,28,20,20,22,19,16,32,23,17,20,19,27,17,14,25,17,25,26,21,19,24,19,23,29,24,18,24,29,18,19,24,25,19,20,16,25,30,28,20,20,17,21,15,21,18,26,25,15,23,18,22,14,17,22,21,9,30,18,14,21,19,14,12,10,21,14,16,21,21,17,19,14,16,14,19,19,22,15,11,13,13,25,26,15,14,15,16,21,18,16,11,21,13,11,15,16,22,18,21,16,14,17,21,19,10,18,16,12,17,27,19,19,21,19,25,22,25,17,17,15,22,19,16,15,21,13,13,17,13,15,25,20,14,17,9,16,14,10,21,19,19,19,19,22,19,20,11,23,19,18,20,16,19,12,16,14,20,12,16,17,15,22,19,18,17,22,12,15,14,21,23,11,22,8,17,13,20,10,16,14,21,22,16,21,17,18,23,17,15,20,12,16,12,14,28,13,16,15,22,20,21,13,16,18,14,14,19,19,14,15,16,18,14,21,24,18,16,21,17,15,22,16,12,20,26,23,28,18,25,30,24,30,33,30,29,40,43,44,43,53,50,49,60,40,42,61,67,65,55,66,49,74,76,57,55,65,66,57,49,54,55,54,58,49,40,48,44,58,36,41,43,40,23,35,27,34,23,17,14,13,13,20,18,16,13,10,14,16,8,11,8,7,5,2,3,1,,
 60-64,25,15,19,17,16,14,15,11,21,18,10,17,14,17,22,20,16,21,20,18,24,26,18,17,20,22,10,27,15,17,17,22,26,16,20,14,22,20,9,32,16,23,24,19,16,25,15,16,20,17,13,16,14,16,16,20,23,25,17,22,11,11,12,18,22,18,19,21,23,18,14,8,17,16,17,23,12,19,19,18,13,7,18,19,15,16,15,14,17,15,18,12,15,10,12,12,9,14,13,14,11,11,11,18,8,20,13,8,15,12,9,16,12,19,16,22,14,10,10,12,18,14,20,21,15,16,16,16,22,18,24,18,16,19,15,9,31,26,18,15,28,23,25,33,30,19,35,32,36,37,35,24,29,25,27,30,32,23,24,32,25,30,31,25,25,29,21,33,17,30,28,31,24,24,29,25,26,39,34,25,31,29,29,29,31,21,27,31,26,24,22,28,16,15,18,20,27,22,21,28,17,25,17,23,25,21,19,16,23,20,15,23,22,19,22,22,26,25,13,16,20,25,13,13,18,24,21,28,20,27,19,22,28,19,27,21,27,28,21,24,27,27,36,25,25,25,14,26,22,33,30,32,23,27,24,21,27,25,27,35,30,33,25,27,32,37,31,29,16,28,29,24,25,24,18,28,28,17,30,25,24,23,23,26,26,30,32,25,28,27,25,19,20,20,19,26,25,26,30,19,29,22,24,24,13,26,21,28,24,18,21,20,18,28,9,26,22,22,24,16,22,16,16,13,22,18,24,23,24,22,16,15,26,20,21,20,19,23,14,26,30,24,12,27,17,19,20,27,26,18,21,24,21,17,16,20,21,19,19,19,26,33,21,26,26,21,15,13,23,26,16,24,12,19,21,20,22,19,16,15,26,17,19,26,23,21,20,30,18,22,14,17,16,17,22,15,21,26,11,20,13,14,25,17,21,17,19,23,31,23,17,14,20,23,17,20,20,13,17,25,20,17,14,17,13,25,27,16,23,12,14,17,18,24,16,23,19,22,13,15,18,10,10,16,24,29,10,17,15,16,23,15,21,25,21,20,26,27,18,24,14,20,23,27,40,26,15,24,25,28,25,37,32,44,34,38,41,39,50,45,48,56,47,58,64,57,52,66,76,67,73,58,63,69,71,86,64,73,81,61,71,57,84,47,70,73,56,47,52,49,64,52,58,30,45,41,45,40,28,34,38,17,25,29,24,27,13,13,13,16,18,12,11,4,2,4,3,,1,1,
 65-69,17,18,12,17,29,23,18,19,16,15,20,21,16,17,16,30,19,23,18,17,12,23,20,24,22,17,16,18,20,20,19,17,24,26,15,16,20,24,16,14,25,21,18,23,22,14,17,21,24,20,24,11,13,18,14,21,21,25,23,16,15,20,20,16,13,24,8,21,20,23,16,15,22,15,19,19,24,13,23,12,22,19,20,20,23,14,13,16,13,12,15,10,19,13,16,16,17,11,11,15,22,15,13,20,13,14,17,19,21,13,15,27,10,14,14,18,19,14,12,15,23,12,15,24,21,12,16,19,21,17,27,20,17,24,19,19,18,18,21,21,28,32,36,38,35,37,27,32,37,32,45,28,42,28,33,38,48,37,35,31,47,34,32,23,35,27,37,42,27,43,43,33,23,28,33,30,20,29,24,42,33,31,22,22,28,29,16,27,33,28,19,37,28,21,23,16,23,20,22,20,17,28,26,19,20,29,27,20,27,19,26,26,17,21,18,20,21,25,20,16,19,21,24,19,26,20,21,18,19,24,26,25,32,23,28,31,35,28,30,35,29,21,24,24,23,34,23,22,38,23,28,39,26,18,36,21,15,33,18,27,34,19,27,16,29,24,33,21,27,27,30,31,24,27,26,40,33,28,22,21,27,21,33,21,19,20,23,33,34,33,27,23,18,25,30,26,20,15,22,15,24,21,24,21,17,18,13,32,32,21,22,24,21,17,19,19,21,17,25,24,25,21,18,20,23,17,18,25,14,24,18,29,22,24,35,24,23,22,19,23,17,31,24,24,21,17,28,19,28,27,33,27,26,31,23,25,23,19,35,27,22,29,32,19,16,21,17,29,23,23,21,22,19,24,26,25,26,26,26,12,20,26,22,31,20,12,20,20,30,18,19,18,25,26,15,14,20,16,19,14,37,18,16,21,23,21,27,23,25,26,21,14,22,25,28,15,17,14,13,17,26,29,12,15,9,20,18,22,19,14,14,19,15,20,22,23,23,18,14,15,25,24,26,19,16,16,29,27,19,18,21,23,21,17,30,25,16,18,23,20,22,29,25,21,29,28,26,26,30,31,19,41,33,31,45,36,44,44,47,49,48,60,51,53,69,67,69,65,88,85,76,69,86,74,74,73,65,85,74,92,66,82,79,76,59,74,59,58,56,47,47,53,45,48,50,37,41,37,34,39,20,26,17,25,16,20,22,17,24,13,14,14,10,7,2,1,3,,1,,1
 70-74,25,12,24,22,21,24,17,21,18,17,25,29,27,16,22,20,22,18,22,18,25,26,21,26,13,19,17,19,16,21,18,20,21,26,22,13,30,29,21,21,28,14,30,19,23,20,18,20,16,18,21,20,16,25,22,20,18,21,18,22,17,22,18,15,21,19,19,19,12,15,15,23,17,13,17,15,17,15,15,11,17,17,23,17,22,18,14,13,17,27,18,19,20,11,17,14,16,19,14,14,16,19,15,20,12,18,11,11,17,23,11,23,31,19,21,14,13,22,18,19,17,10,15,19,14,18,18,20,23,18,27,15,16,19,26,28,24,26,35,32,27,33,43,43,35,22,37,40,37,35,52,46,38,40,38,34,31,40,40,46,43,32,27,29,41,42,42,45,42,36,52,35,36,31,30,37,26,29,35,27,35,30,24,24,19,26,19,28,31,26,36,37,25,41,28,26,21,17,18,33,31,14,24,20,23,28,19,20,24,27,29,19,24,24,21,33,24,21,37,29,33,24,22,29,34,37,35,32,30,32,33,24,24,29,27,29,23,22,29,29,24,40,33,36,43,31,22,40,32,32,37,28,21,24,37,25,18,26,25,30,31,31,20,25,24,32,30,36,29,29,30,31,23,30,34,33,33,26,22,35,27,39,33,25,27,27,36,25,22,30,26,29,37,27,26,17,30,22,28,22,29,21,24,32,23,38,34,28,34,33,15,29,25,21,25,26,27,19,30,24,27,27,20,31,28,28,27,30,27,30,26,31,19,33,26,22,26,17,20,22,25,33,30,33,30,24,17,25,34,31,19,33,36,31,28,23,25,30,28,22,27,29,25,22,29,27,23,26,30,24,19,24,25,20,20,27,26,22,27,15,22,16,17,27,16,21,22,26,26,28,24,19,15,30,30,22,24,24,30,25,24,18,28,24,26,17,17,21,22,21,12,23,20,20,17,20,20,21,23,19,18,16,26,24,18,14,17,25,20,17,26,23,26,22,13,24,17,15,25,26,26,19,18,24,18,23,29,23,24,20,26,19,14,23,18,30,28,20,27,26,24,28,26,19,26,30,31,28,26,26,37,29,37,33,37,41,39,50,46,62,59,61,81,64,66,55,72,67,94,87,69,65,86,89,75,93,96,79,84,66,96,66,80,63,67,67,59,56,70,56,61,63,53,62,51,54,60,35,40,33,24,22,17,22,25,26,20,15,15,7,6,12,11,10,5,3,3,1,,1,
 75-79,14,11,22,13,18,19,14,22,20,12,12,11,20,19,16,20,20,12,22,17,22,25,16,26,15,20,19,10,13,16,15,18,25,17,17,7,11,13,19,15,13,15,11,15,23,12,12,15,20,14,15,15,19,17,27,12,17,13,18,21,14,15,19,17,13,12,16,12,17,20,18,9,15,21,17,10,18,21,9,8,14,15,23,8,23,20,11,13,13,12,9,21,14,16,13,11,13,12,13,7,9,12,14,11,14,14,17,21,10,17,12,13,18,16,18,13,14,12,18,18,15,15,15,21,12,6,21,21,16,12,17,29,17,17,19,25,26,18,20,29,32,31,32,32,32,40,26,22,35,32,26,26,27,24,23,36,32,29,25,31,27,22,22,30,39,35,25,28,37,33,32,25,30,23,33,22,33,19,36,24,20,21,19,30,30,23,22,17,28,25,31,26,21,16,25,14,20,21,21,19,25,12,25,31,18,27,25,17,24,21,18,17,20,21,19,17,20,17,17,18,20,18,28,29,19,30,23,19,27,25,23,23,23,24,16,23,22,18,23,20,24,29,38,30,24,21,29,18,25,28,28,30,24,20,23,17,18,23,19,19,19,19,13,12,26,25,17,19,31,20,22,25,26,22,17,21,19,27,24,40,22,30,26,20,19,26,20,23,15,22,24,20,19,21,21,18,21,22,17,16,14,16,17,16,18,22,18,23,18,23,26,16,17,15,20,17,26,17,18,21,12,22,14,23,18,21,18,23,25,23,19,17,24,22,29,23,24,20,31,15,32,21,20,27,27,18,32,23,22,24,23,25,19,14,16,16,32,17,21,23,19,17,14,22,16,21,14,19,18,15,23,18,22,21,17,18,18,18,12,17,26,13,28,19,20,16,24,22,17,18,14,26,21,20,14,13,22,24,16,20,12,13,23,16,15,26,14,11,15,12,21,21,19,17,17,16,17,20,19,19,23,9,16,22,17,23,15,20,21,16,17,19,20,16,14,16,17,13,14,18,11,24,17,20,14,12,22,9,21,17,17,20,26,20,13,18,22,27,21,30,19,17,15,19,33,20,23,29,18,18,25,25,25,23,32,24,33,37,48,38,30,48,42,48,51,54,57,64,55,58,54,64,58,62,60,59,57,60,64,60,56,48,58,75,59,47,48,40,35,45,39,50,20,33,34,31,22,27,22,33,21,25,15,23,12,11,13,9,8,11,9,8,8,4,2,3,1,,,,
 80-84,19,18,12,16,22,17,19,17,17,12,16,21,21,13,13,20,19,17,20,22,14,15,21,11,15,13,18,17,16,11,12,13,16,15,19,16,17,19,21,23,23,16,24,15,13,9,20,17,16,14,21,21,12,17,10,10,13,12,13,12,14,15,14,14,11,20,14,17,17,10,14,11,17,19,16,21,14,12,21,7,11,12,12,19,12,11,11,12,9,13,13,17,17,13,14,19,15,12,9,21,8,10,16,17,11,17,10,15,9,14,18,17,17,11,23,10,19,7,17,11,9,15,21,22,15,12,16,18,12,19,23,23,14,15,15,19,29,25,16,14,22,25,39,35,24,29,28,19,17,31,24,35,22,32,25,24,19,27,30,30,29,20,15,15,25,25,26,34,29,31,34,30,23,31,22,23,30,22,18,17,26,23,23,12,20,15,28,26,18,26,21,12,21,12,20,19,19,18,23,23,20,19,17,21,26,22,15,12,12,15,14,16,19,12,19,12,10,20,27,17,19,15,14,24,15,15,19,12,18,19,23,25,21,17,23,19,17,15,17,23,18,21,26,20,31,27,29,19,17,15,29,28,20,26,16,15,24,15,17,18,20,29,21,12,20,23,17,15,32,17,19,26,23,25,17,21,18,18,25,26,27,16,23,27,15,28,21,16,29,16,10,19,19,19,23,22,21,17,18,22,13,15,19,13,15,18,14,19,18,25,22,17,21,12,24,16,17,14,14,16,17,15,17,23,19,21,12,24,16,13,21,17,21,21,18,19,23,18,20,18,28,26,19,28,18,28,16,30,21,20,21,27,32,17,24,22,25,20,24,26,20,23,21,14,16,16,24,16,22,14,15,21,21,13,12,14,23,14,15,20,21,22,20,19,17,21,17,16,20,17,16,11,13,18,11,15,16,14,15,13,16,11,17,13,19,18,8,15,17,16,21,8,17,23,22,26,11,16,13,15,14,18,12,14,14,13,9,16,18,8,13,15,12,17,16,17,18,17,22,17,16,13,15,12,17,14,11,17,14,18,12,24,14,21,12,28,19,24,19,20,16,23,21,19,26,17,21,26,24,22,19,23,19,24,31,24,26,31,35,37,46,36,38,40,43,42,58,51,52,49,58,53,61,54,46,65,59,54,55,55,46,48,48,51,45,60,54,41,28,32,26,26,33,43,21,18,26,25,26,30,18,22,10,13,9,10,17,13,13,7,2,9,7,4,2,2,,1,,,
 85-89,19,17,11,14,9,14,10,12,9,11,15,10,10,9,14,7,12,10,9,14,10,13,15,10,13,7,12,10,16,8,10,9,15,14,7,16,16,13,10,13,9,13,9,7,11,12,11,10,10,16,5,7,7,11,11,12,11,8,16,10,8,9,13,12,10,6,8,15,11,5,11,13,8,10,9,7,10,7,17,8,11,9,13,11,9,4,13,8,8,9,14,13,10,10,13,16,7,9,12,12,6,13,13,11,4,2,8,7,12,9,7,10,6,7,7,13,7,7,6,9,16,8,16,10,4,9,11,9,6,9,14,10,11,11,12,10,16,8,12,10,11,20,20,24,22,18,12,14,27,21,14,18,20,15,20,22,9,21,16,24,14,14,11,11,16,22,13,18,22,17,26,18,15,13,12,13,13,10,17,13,17,19,12,10,11,13,10,11,12,12,17,15,14,15,13,14,7,10,9,10,9,7,12,14,11,12,8,7,12,20,14,13,11,17,16,9,18,8,8,14,16,8,13,7,9,10,7,9,12,15,20,16,14,15,18,14,13,11,13,18,15,12,10,13,21,8,10,10,18,12,11,19,16,11,17,15,7,11,9,8,15,15,11,12,17,14,15,15,11,11,12,13,10,14,12,19,11,20,12,13,23,15,15,17,11,10,13,15,15,18,12,11,6,3,11,12,7,14,16,9,7,5,10,13,8,13,14,20,17,12,12,10,15,13,14,15,13,12,11,10,12,11,16,5,11,12,11,11,12,13,14,16,15,18,16,12,16,14,19,13,11,13,17,10,14,21,15,15,15,15,7,22,17,18,12,10,17,9,12,22,14,8,14,7,13,17,12,16,10,10,18,10,13,17,14,11,6,13,7,14,14,11,11,12,10,9,11,8,14,7,16,10,10,14,7,7,11,14,6,14,12,16,12,9,8,10,11,7,11,8,11,11,8,3,17,15,9,7,8,8,12,4,10,12,14,12,10,11,9,16,2,13,9,9,12,7,9,8,14,11,16,9,7,8,7,8,14,5,6,4,10,10,8,13,15,14,9,10,14,10,9,17,15,8,9,11,10,9,10,13,16,13,14,12,17,18,19,18,18,26,24,26,19,33,29,21,28,21,41,42,34,39,32,24,29,35,35,29,29,40,43,32,32,26,31,39,21,20,22,25,20,24,29,22,17,23,25,21,17,11,15,11,9,6,12,7,8,7,13,6,4,5,6,4,3,1,2,,,,
 90-94,3,3,8,5,12,8,4,3,9,4,3,7,1,4,6,4,3,14,8,6,6,3,7,7,3,5,5,6,5,5,5,3,5,10,5,5,7,7,4,3,5,8,5,8,7,7,6,6,7,2,6,5,6,5,7,6,2,6,5,2,3,7,8,4,6,3,4,3,7,3,4,2,13,1,5,3,2,5,8,4,6,6,3,11,5,9,2,5,8,6,4,9,7,5,3,4,5,1,7,3,7,2,6,7,1,3,5,5,4,10,5,5,4,7,9,2,4,4,5,2,5,5,8,5,4,3,5,7,6,9,6,5,8,5,7,8,9,9,3,5,6,6,10,6,9,12,7,8,3,8,18,7,9,6,6,7,10,6,6,12,9,10,3,4,11,7,10,16,7,8,9,9,10,6,7,8,9,11,14,4,7,6,13,3,5,8,5,6,8,11,5,7,8,9,3,4,9,3,6,5,4,10,8,6,4,8,7,4,12,11,6,5,3,4,4,5,6,4,9,3,5,9,7,7,4,6,5,5,7,6,10,4,9,6,7,9,9,6,8,4,8,8,4,10,6,5,7,11,6,8,5,5,5,6,2,7,2,6,4,6,5,8,5,7,3,6,8,2,7,11,8,4,5,8,4,11,7,11,6,10,8,6,6,7,7,7,9,9,3,9,6,4,6,6,4,3,5,9,2,6,6,9,3,5,4,7,9,6,5,6,9,3,9,4,5,6,6,4,7,6,4,4,10,3,5,4,8,3,6,8,8,3,3,6,10,4,4,9,6,9,10,3,9,7,4,7,7,2,9,10,10,11,5,7,3,13,6,9,4,6,12,11,10,5,7,6,4,9,9,6,4,6,7,8,6,10,4,8,11,6,4,10,6,9,13,4,6,3,9,8,13,16,4,5,12,12,10,4,4,7,4,6,5,3,9,4,13,3,4,10,5,5,6,3,7,7,6,6,3,3,8,5,9,3,2,4,5,3,7,3,7,6,9,6,6,9,5,2,4,6,6,5,3,10,3,5,4,4,8,,8,5,4,5,5,4,9,6,4,10,8,7,3,8,4,5,7,8,4,10,8,11,9,8,4,9,8,2,8,11,13,13,17,16,9,14,10,10,17,10,11,12,13,13,14,9,24,17,17,20,20,11,14,10,13,13,14,11,3,11,13,12,6,14,9,11,10,6,5,11,3,7,2,4,1,2,4,1,5,,5,1,2,1,1,1,1,,,,
 95-99,3,2,3,3,,,3,4,,3,1,1,2,2,2,1,1,2,1,5,2,2,3,3,2,1,5,3,1,2,3,2,1,3,4,2,5,1,2,3,,3,1,1,4,1,1,2,2,1,2,1,1,4,3,3,,4,3,1,2,1,2,1,2,3,2,,5,1,3,2,,1,3,2,2,1,2,,1,2,1,2,,4,,4,1,1,2,5,2,1,4,,3,3,3,4,2,3,1,2,3,1,1,1,1,2,3,1,1,2,,3,1,4,1,1,1,6,3,3,,3,1,1,,4,2,1,3,6,,5,2,,,3,1,1,1,1,4,1,,2,1,2,3,2,3,3,1,2,1,3,3,3,2,2,2,5,3,1,4,6,,4,3,1,3,1,4,2,4,3,1,1,1,4,4,1,4,2,1,1,1,,1,5,1,1,2,3,3,,1,,2,1,,2,2,2,1,1,,2,3,3,,1,1,3,1,1,1,,1,1,4,,3,,3,2,4,1,1,2,3,4,2,3,2,1,2,3,2,6,2,3,3,3,2,2,2,2,2,3,4,1,1,4,1,2,1,2,,2,1,1,,1,5,2,1,1,1,,4,1,2,2,1,2,2,1,,3,3,1,1,,3,2,2,1,3,2,1,2,1,2,2,3,4,2,1,,,1,1,1,3,1,2,1,2,1,3,1,1,,1,1,1,,1,1,2,2,,3,2,1,3,4,,4,4,3,,2,3,1,,6,5,2,1,3,,2,2,4,3,,3,1,1,2,4,1,3,2,5,2,,3,3,,2,,,2,,1,3,4,1,1,3,,4,1,4,2,2,3,4,2,2,4,2,2,1,1,1,2,2,1,5,1,1,5,3,4,2,2,,3,1,1,2,,1,3,2,3,2,1,1,2,,2,,4,3,1,1,1,2,1,1,4,,1,6,1,1,2,2,3,,,1,2,2,3,1,1,,5,,1,2,,1,2,,3,4,2,1,2,2,3,3,1,4,2,2,4,6,4,3,1,2,5,1,2,2,3,2,1,2,2,4,2,4,8,3,4,5,2,2,,4,7,4,4,1,4,3,6,3,6,4,1,4,4,4,8,2,6,2,2,,3,4,4,4,7,6,6,2,2,,2,2,1,2,1,1,1,2,,,,,,1,1,,,,,
 100-104,,1,1,,,,,,1,,1,,,1,,,1,2,,,,,,1,,,,,,,,,,2,1,,,,,,,1,1,,1,,,,,1,1,,,,,,,,,,1,,1,,,1,,1,,,,,,,,1,1,,,,,,,1,,1,2,,2,,,,,,,,,,,,,,,,,,,,,,,,,1,,1,,,,,,,,,,,,,,,,,,,,,1,,,,,1,,,1,,2,,,2,2,,,,,,1,1,1,1,,,,1,,1,,2,2,,1,1,,,,,,,1,,1,,,,1,,,,1,,,,,1,1,2,,,,,,,1,,,,,,1,,,1,,,1,,,3,2,,1,,,,,,1,1,,,,1,2,,,,,1,,,,,1,,,1,,,,1,1,,,,,,,,1,,,1,,,,,1,,,,1,,1,,1,,,,,,,1,,,2,1,1,1,,,,,,,,,,,1,,,,,,,,1,,,1,,,,1,,,,,,1,,2,1,1,1,,,,,,,,1,,2,,,,1,,1,,,,,,,2,,,,,1,,,,,,1,,,1,,1,1,,,,1,,,1,,,,,,,1,,1,,,,,,,,,,,1,,1,,,,,,1,,1,,1,,,,,1,1,,,,,,,,,,,,1,,,2,2,,,,1,1,,,1,1,,,,,,,,,,,,,,,,,,,,,,1,,2,,,,1,1,,,,1,,,1,,1,1,,,1,,,1,,1,,1,1,,,,,,,2,1,1,1,1,,2,1,,1,2,,,,,,,1,,1,,,1,3,,,,1,,,,1,1,,,,,,,,,,,,,,,,,
 105-109,,,,,,1,,,,,,,,,,,,,,,,,,,,,,,,,1,,,,,,,,,,,1,,1,,,,,,,,,1,,,,,,,,,,,1,,,,,,,,,,,,,,,2,,,1,,,,,,,,,,,1,,,,,,,,,,,,,,,,,,,,,,,,,,,,,,,,,,,,,,,,1,,,,,,,,,,,,,,,,,,,,,,,,,,,,,,,,,,,,,,1,,,,,,,,,,,,,,,,,,,,,,,,,,,,,,,,1,,,,,,1,,,,,,,1,,,,,,,,,,,,,,,,,,,,,,,,,,,,1,1,,,,,,,,,,,,1,,,,,,,,,,,,,,,,,,,,,,,,,,,,,,1,,,,,,,,,,,,,2,,,,,,,,,,,,,,,,,,,,,,,1,,,,,,1,,,,,,,,,,,,,,,,,,,,,,,,,,,,,,,,,,,,,,,,,,,,,,,,,,,,,,,,,,,,,,,,,,,,,,,,,,,,,1,,,,,,,,,,,,,,,,,,,,,,,,,,,,,,1,,,,,,,,,,,,,,,,,,,,,,,,,,,,,,,,,,,,,,,,,,,,,,,,,,,,,1,,,,,,,,,,,,,,,,,,,,,,,,,,,,,,,,,1,,,,,,,,,,,,,,,,,,,
 110-114,,,,,,,,,,,,,,,,,1,,,,,,,,,,,,,,,,,,,,,,,,,,,,,,,,,,,,,,,,,,,,,,,,,,,,,,,,,,,,,,,,,,,,,,,,,,,,,,,,,,,,,,,,,,,,,,,,,,,,,,,,,,,,,,,,,,,,,,,,,,,,,,,,,,,,,,,,,,,,,,,,,,,,,,,,,,,,,,,,,,,,,,,,,,,,,,,,,,,,,,,,,,,,,,,,,,,,,,,,,,,,,,,,,,,,,,,,,,,,,,,,,,,,,,,1,,,,,,,,,,,,,,,,,,,,,,,,,,,,,,,,,,,,,,,,,,,,,,,,,,,,1,,,,,1,,,,,,,,,,,,,,,,,,,,,,,,,,,,,,,,,,,,,,,,,,,,,,,,,,,,,,,,,,,,,,,,,,,,,,,,,,,,,,,,,,,,,,,,,,,,,,,,,,,,,,,,,,,,,,,,,,,,,,,,,,,,,,,,,,,,,,,,,,,,,,,,,,,,,,,,,,,,,,,,,,,,,,,,,,,,,,,,,,,,,,,,,,,,,,,,,,,,,,,,,,,,,,,,,,,,,,,,,,,,,,,,,,,,,,,,,,,,
 115-119,,,,,,,,,,,,,,,,,,,,,,,,,,,,,,,,,,,,,,,,,,,,,,,,,,,,,,,,,,,,,,,,,,,,,,,,,,,,,,,,,,,,,,,,,,,,,,,,,,,,,,,,,,,,,,,,,,,,,,,,,,,,,,,,,,,,,,,,,,,,,,,,,,,,,,,,,,,,,,,,,,,,,,,,,,,,,,,,,,,,,,,,,,,,,,,,,,,,,,,,,,,,,,,,,,,,,,,,,,,,,,,,,,,,,,,,,,,,,,,,,,,,,,,,,,,,,,,,,,,,,,,,,,,,,,,,,,,,,,,,,,,,,,,,,,,,,,,,,,,,,,,,,,,,,,,,,,,,,,,1,,,,,,,,,,,,,,,,,,,,,,,,,,,,,,,,,,,,,,,,,,,,,,,,,,,,,,,,,,,,,,,,,,,,,,,,,,,,,,,,,,,,,,,,,,,,,,,,,,,,,,,,,,,,,,,,,,,,,,,,,,,,,,,,,,,,,,,,,,,,,,,,,,,,,,,,,,,,,,,,,,,,,,,,,,,,,,,,,,,,,,,,,,,,,,,,,,,,,,,,,,,,,,,,,,,,,,,,,,,,,,
