,deaths,deaths,deaths,deaths,deaths,deaths,deaths,deaths,deaths,deaths,deaths,deaths,deaths,deaths,deaths,deaths,deaths,deaths,deaths,deaths,deaths,deaths,deaths
age_range,a,b,c,d,e,f,g,h,i,j,k,l,m,n,o,p,q,r,s,t,u,v,w
death_date,,,,,,,,,,,,,,,,,,,,,,,
2020-01-01,3.0,,,,,3.0,1.0,2.0,4.0,4.0,3.0,6.0,9.0,6.0,8.0,6.0,12.0,8.0,2.0,2.0,,,
2020-01-02,2.0,,,,1.0,4.0,,2.0,1.0,7.0,4.0,6.0,7.0,8.0,4.0,5.0,7.0,8.0,2.0,2.0,1.0,,
2020-01-03,1.0,,,1.0,,,3.0,3.0,,2.0,5.0,1.0,4.0,3.0,12.0,9.0,9.0,3.0,3.0,2.0,1.0,,
2020-01-04,4.0,,,,,,1.0,1.0,4.0,3.0,3.0,3.0,13.0,10.0,10.0,5.0,6.0,8.0,2.0,1.0,,,
2020-01-05,3.0,,,1.0,,2.0,1.0,,5.0,4.0,1.0,4.0,8.0,13.0,8.0,11.0,15.0,8.0,10.0,,,,
2020-01-06,4.0,,,,1.0,2.0,1.0,2.0,2.0,3.0,7.0,3.0,3.0,8.0,10.0,10.0,8.0,7.0,5.0,,,1.0,
2020-01-07,6.0,2.0,1.0,2.0,,3.0,2.0,2.0,3.0,4.0,6.0,4.0,7.0,9.0,5.0,7.0,11.0,6.0,2.0,2.0,,,
2020-01-08,4.0,,1.0,,,2.0,1.0,3.0,2.0,2.0,4.0,4.0,3.0,4.0,11.0,10.0,8.0,6.0,1.0,2.0,,,
2020-01-09,3.0,,,1.0,1.0,,1.0,,4.0,1.0,8.0,5.0,11.0,5.0,8.0,8.0,9.0,5.0,6.0,,1.0,,
2020-01-10,,,,1.0,1.0,2.0,4.0,2.0,1.0,6.0,2.0,3.0,6.0,5.0,8.0,8.0,5.0,8.0,3.0,2.0,,,
2020-01-11,3.0,,,1.0,1.0,1.0,,,1.0,1.0,4.0,9.0,4.0,5.0,15.0,5.0,11.0,11.0,2.0,1.0,1.0,,
2020-01-12,3.0,,1.0,1.0,1.0,,,3.0,4.0,1.0,3.0,2.0,3.0,10.0,15.0,7.0,13.0,6.0,5.0,1.0,,,
2020-01-13,,,,,,1.0,,,4.0,8.0,4.0,3.0,6.0,9.0,10.0,9.0,14.0,4.0,1.0,2.0,,,
2020-01-14,5.0,,,,1.0,,1.0,2.0,2.0,2.0,4.0,4.0,6.0,5.0,6.0,12.0,9.0,5.0,3.0,1.0,1.0,,
2020-01-15,3.0,,1.0,,1.0,1.0,2.0,2.0,2.0,1.0,9.0,6.0,8.0,5.0,6.0,9.0,5.0,7.0,1.0,2.0,,,
2020-01-16,3.0,,1.0,1.0,3.0,3.0,5.0,3.0,2.0,2.0,2.0,12.0,5.0,11.0,15.0,8.0,11.0,3.0,,1.0,,,
2020-01-17,,,,1.0,,1.0,2.0,1.0,1.0,3.0,2.0,4.0,5.0,10.0,7.0,8.0,8.0,5.0,2.0,1.0,1.0,,1.0
2020-01-18,2.0,,,2.0,,,5.0,,3.0,5.0,5.0,4.0,9.0,10.0,8.0,7.0,6.0,7.0,8.0,1.0,1.0,,
2020-01-19,2.0,,1.0,,1.0,3.0,1.0,2.0,4.0,4.0,4.0,5.0,8.0,6.0,11.0,14.0,14.0,5.0,6.0,,,,
2020-01-20,4.0,,,1.0,1.0,1.0,,2.0,1.0,2.0,3.0,6.0,7.0,6.0,5.0,9.0,11.0,8.0,4.0,3.0,,,
2020-01-21,2.0,,,,1.0,,4.0,2.0,3.0,2.0,2.0,8.0,7.0,5.0,15.0,13.0,4.0,4.0,3.0,1.0,,,
2020-01-22,3.0,2.0,,,2.0,1.0,,2.0,2.0,3.0,2.0,2.0,11.0,8.0,14.0,8.0,6.0,7.0,,1.0,,,
2020-01-23,3.0,,,,1.0,2.0,1.0,1.0,1.0,2.0,1.0,6.0,11.0,8.0,12.0,9.0,10.0,5.0,3.0,2.0,,,
2020-01-24,1.0,,,,1.0,,1.0,2.0,,2.0,10.0,8.0,3.0,12.0,12.0,16.0,5.0,2.0,5.0,3.0,1.0,,
2020-01-25,1.0,,,1.0,,2.0,1.0,2.0,3.0,6.0,4.0,3.0,9.0,11.0,8.0,8.0,6.0,9.0,2.0,,,,
2020-01-26,4.0,,,1.0,1.0,3.0,,,2.0,2.0,6.0,4.0,8.0,9.0,10.0,8.0,10.0,5.0,1.0,1.0,,,
2020-01-27,3.0,,,1.0,1.0,1.0,1.0,2.0,2.0,6.0,2.0,4.0,3.0,4.0,8.0,8.0,10.0,7.0,2.0,4.0,,,
2020-01-28,2.0,,2.0,1.0,1.0,,2.0,,2.0,2.0,4.0,6.0,10.0,7.0,5.0,4.0,8.0,8.0,2.0,2.0,,,
2020-01-29,3.0,,,,,,5.0,,1.0,7.0,8.0,5.0,6.0,8.0,6.0,5.0,7.0,7.0,4.0,,,,
2020-01-30,5.0,,,,,2.0,1.0,1.0,3.0,2.0,3.0,7.0,3.0,9.0,8.0,6.0,5.0,4.0,3.0,2.0,,,
2020-01-31,6.0,,,,1.0,1.0,3.0,2.0,2.0,2.0,2.0,6.0,9.0,7.0,9.0,9.0,9.0,5.0,2.0,2.0,,1.0,
2020-02-01,3.0,,,1.0,,1.0,1.0,2.0,2.0,3.0,4.0,7.0,9.0,5.0,9.0,9.0,10.0,6.0,2.0,1.0,,,
2020-02-02,3.0,,1.0,1.0,2.0,2.0,1.0,1.0,,3.0,2.0,2.0,14.0,12.0,11.0,10.0,8.0,8.0,3.0,1.0,,,
2020-02-03,3.0,1.0,1.0,1.0,,2.0,3.0,,2.0,4.0,7.0,6.0,9.0,11.0,11.0,13.0,8.0,6.0,4.0,2.0,1.0,,
2020-02-04,5.0,,,,2.0,1.0,,,2.0,7.0,2.0,2.0,12.0,10.0,14.0,9.0,8.0,3.0,1.0,1.0,,,
2020-02-05,3.0,,1.0,2.0,1.0,,3.0,1.0,4.0,2.0,2.0,9.0,5.0,5.0,6.0,3.0,10.0,8.0,3.0,2.0,,,
2020-02-06,2.0,1.0,2.0,,1.0,2.0,2.0,1.0,3.0,4.0,4.0,5.0,9.0,6.0,11.0,4.0,9.0,5.0,1.0,3.0,,,
2020-02-07,2.0,1.0,1.0,1.0,1.0,2.0,1.0,3.0,,1.0,7.0,4.0,7.0,6.0,13.0,7.0,13.0,8.0,5.0,1.0,,,
2020-02-08,1.0,,1.0,1.0,1.0,2.0,,2.0,1.0,1.0,4.0,2.0,3.0,4.0,6.0,7.0,8.0,6.0,2.0,,,,
2020-02-09,3.0,1.0,1.0,,1.0,1.0,3.0,1.0,1.0,4.0,7.0,4.0,13.0,4.0,9.0,7.0,13.0,6.0,,2.0,,,
2020-02-10,4.0,,,1.0,,2.0,4.0,1.0,2.0,,3.0,9.0,7.0,9.0,14.0,10.0,8.0,4.0,1.0,,,,
2020-02-11,,,,1.0,1.0,1.0,2.0,2.0,3.0,,1.0,7.0,10.0,9.0,5.0,8.0,8.0,7.0,4.0,3.0,1.0,1.0,
2020-02-12,4.0,1.0,1.0,,3.0,1.0,1.0,1.0,3.0,2.0,4.0,8.0,11.0,9.0,15.0,3.0,11.0,4.0,3.0,1.0,1.0,,
2020-02-13,6.0,2.0,,3.0,1.0,1.0,1.0,,2.0,5.0,4.0,3.0,8.0,6.0,7.0,6.0,8.0,5.0,7.0,,,1.0,
2020-02-14,2.0,,1.0,,1.0,1.0,3.0,4.0,,1.0,6.0,6.0,4.0,6.0,7.0,20.0,6.0,9.0,5.0,4.0,1.0,,
2020-02-15,,,,2.0,,2.0,,3.0,1.0,3.0,,6.0,5.0,4.0,7.0,5.0,3.0,7.0,4.0,,,,
2020-02-16,7.0,,1.0,2.0,1.0,2.0,4.0,4.0,,3.0,7.0,6.0,4.0,8.0,7.0,6.0,12.0,5.0,4.0,,,,
2020-02-17,4.0,,,,,,,,2.0,4.0,3.0,2.0,6.0,7.0,14.0,9.0,7.0,5.0,4.0,,,,
2020-02-18,3.0,,,1.0,,3.0,2.0,4.0,4.0,1.0,2.0,4.0,6.0,10.0,7.0,6.0,10.0,6.0,4.0,2.0,,,
2020-02-19,3.0,,,,1.0,4.0,1.0,,4.0,3.0,4.0,4.0,6.0,8.0,10.0,4.0,4.0,7.0,1.0,1.0,1.0,,
2020-02-20,2.0,1.0,,,1.0,1.0,1.0,1.0,4.0,,5.0,8.0,2.0,8.0,14.0,9.0,12.0,1.0,1.0,2.0,1.0,,
2020-02-21,,,,2.0,2.0,1.0,1.0,1.0,,3.0,2.0,8.0,3.0,3.0,6.0,10.0,10.0,5.0,5.0,,,,
2020-02-22,2.0,,,1.0,,2.0,,1.0,1.0,2.0,4.0,5.0,6.0,4.0,7.0,9.0,4.0,1.0,3.0,1.0,,,
2020-02-23,3.0,1.0,,,,1.0,2.0,4.0,1.0,2.0,6.0,7.0,8.0,10.0,10.0,10.0,11.0,6.0,3.0,1.0,,,
2020-02-24,3.0,,,,,,,1.0,3.0,4.0,4.0,10.0,6.0,4.0,9.0,15.0,6.0,6.0,5.0,1.0,,,
2020-02-25,5.0,1.0,,,1.0,1.0,,,5.0,5.0,4.0,6.0,7.0,7.0,12.0,7.0,7.0,4.0,3.0,3.0,,,
2020-02-26,1.0,,,,1.0,,1.0,1.0,2.0,3.0,7.0,3.0,9.0,12.0,11.0,7.0,8.0,6.0,1.0,,,,
2020-02-27,3.0,,,,,1.0,3.0,3.0,5.0,3.0,2.0,6.0,12.0,9.0,7.0,6.0,6.0,2.0,4.0,,,,
2020-02-28,3.0,,1.0,1.0,1.0,1.0,,5.0,2.0,3.0,7.0,4.0,4.0,10.0,7.0,15.0,7.0,7.0,3.0,2.0,,,
2020-02-29,2.0,,,,1.0,1.0,2.0,1.0,2.0,1.0,9.0,5.0,11.0,6.0,16.0,6.0,7.0,3.0,,1.0,,,
2020-03-01,3.0,,,,,,1.0,3.0,2.0,7.0,3.0,4.0,7.0,6.0,7.0,9.0,9.0,3.0,,2.0,,,
2020-03-02,,1.0,1.0,1.0,1.0,,2.0,2.0,1.0,7.0,6.0,2.0,3.0,5.0,12.0,8.0,8.0,6.0,5.0,,,,
2020-03-03,8.0,,,,,1.0,1.0,3.0,1.0,4.0,3.0,10.0,3.0,5.0,6.0,4.0,10.0,11.0,4.0,2.0,1.0,,
2020-03-04,2.0,,,,1.0,,2.0,2.0,,4.0,4.0,9.0,6.0,6.0,6.0,6.0,6.0,5.0,3.0,1.0,,1.0,
2020-03-05,4.0,,,,2.0,4.0,,2.0,2.0,6.0,4.0,2.0,8.0,5.0,9.0,9.0,5.0,6.0,2.0,,,,
2020-03-06,2.0,,,,1.0,1.0,1.0,4.0,1.0,3.0,2.0,5.0,8.0,9.0,12.0,7.0,10.0,5.0,2.0,3.0,1.0,,
2020-03-07,3.0,,,,1.0,2.0,2.0,3.0,3.0,,,3.0,10.0,3.0,9.0,9.0,2.0,2.0,3.0,,,,
2020-03-08,1.0,,,,1.0,2.0,2.0,,4.0,2.0,1.0,3.0,10.0,11.0,6.0,4.0,9.0,10.0,3.0,,1.0,,
2020-03-09,2.0,,,1.0,,1.0,2.0,,,2.0,4.0,2.0,4.0,5.0,5.0,10.0,8.0,5.0,4.0,3.0,,,
2020-03-10,2.0,1.0,2.0,,1.0,1.0,,1.0,2.0,2.0,1.0,8.0,7.0,15.0,8.0,9.0,5.0,3.0,2.0,,,,
2020-03-11,1.0,1.0,,2.0,1.0,,2.0,2.0,1.0,4.0,4.0,7.0,5.0,8.0,8.0,13.0,9.0,5.0,1.0,2.0,,,
2020-03-12,2.0,1.0,,,1.0,,1.0,,5.0,5.0,1.0,4.0,3.0,11.0,7.0,5.0,8.0,5.0,,2.0,,,
2020-03-13,3.0,,,1.0,1.0,1.0,1.0,3.0,2.0,2.0,2.0,4.0,9.0,11.0,6.0,4.0,8.0,5.0,10.0,,,,
2020-03-14,2.0,,1.0,,1.0,3.0,1.0,1.0,2.0,3.0,4.0,6.0,4.0,3.0,5.0,8.0,8.0,6.0,,,,,
2020-03-15,5.0,,,1.0,,4.0,1.0,3.0,2.0,1.0,10.0,5.0,5.0,4.0,7.0,10.0,8.0,3.0,4.0,2.0,,,
2020-03-16,1.0,,,,2.0,,1.0,4.0,,3.0,2.0,1.0,11.0,11.0,5.0,6.0,13.0,3.0,2.0,1.0,1.0,,
2020-03-17,,1.0,1.0,,2.0,1.0,1.0,4.0,5.0,1.0,3.0,16.0,5.0,10.0,4.0,9.0,11.0,4.0,,1.0,,,
2020-03-18,2.0,,1.0,2.0,,,,1.0,,5.0,5.0,1.0,5.0,3.0,11.0,12.0,7.0,4.0,4.0,1.0,,,
2020-03-19,1.0,,,1.0,1.0,1.0,,2.0,1.0,4.0,3.0,8.0,3.0,9.0,4.0,7.0,12.0,10.0,6.0,2.0,,2.0,
2020-03-20,2.0,,1.0,2.0,1.0,1.0,1.0,2.0,2.0,3.0,2.0,3.0,6.0,1.0,8.0,6.0,3.0,3.0,4.0,,,,
2020-03-21,3.0,,,,,,4.0,,2.0,5.0,8.0,7.0,4.0,5.0,9.0,10.0,7.0,5.0,1.0,1.0,,,
2020-03-22,,,,,,,1.0,,,2.0,5.0,5.0,3.0,7.0,6.0,7.0,7.0,6.0,4.0,1.0,,,
2020-03-23,2.0,,,,2.0,1.0,2.0,,2.0,3.0,6.0,1.0,7.0,7.0,11.0,11.0,9.0,8.0,3.0,1.0,,,
2020-03-24,3.0,1.0,,1.0,2.0,1.0,1.0,3.0,,1.0,8.0,6.0,9.0,8.0,6.0,3.0,9.0,6.0,7.0,1.0,,,
2020-03-25,2.0,1.0,,1.0,1.0,1.0,2.0,2.0,3.0,2.0,4.0,4.0,2.0,8.0,9.0,17.0,6.0,8.0,3.0,,,,
2020-03-26,4.0,,,2.0,1.0,1.0,1.0,1.0,3.0,3.0,2.0,7.0,4.0,4.0,7.0,11.0,4.0,3.0,4.0,2.0,,,
2020-03-27,,,1.0,,,2.0,1.0,2.0,1.0,4.0,5.0,4.0,11.0,7.0,5.0,9.0,5.0,8.0,2.0,,2.0,,
2020-03-28,3.0,,,,,,,1.0,,2.0,3.0,9.0,10.0,6.0,7.0,5.0,9.0,6.0,3.0,,,,
2020-03-29,3.0,,,1.0,,1.0,1.0,,3.0,3.0,1.0,2.0,3.0,6.0,10.0,7.0,5.0,5.0,2.0,,1.0,,
2020-03-30,1.0,3.0,,,1.0,,1.0,1.0,,1.0,3.0,6.0,4.0,5.0,9.0,6.0,7.0,5.0,2.0,,,,
2020-03-31,1.0,1.0,,1.0,,,2.0,,,2.0,1.0,6.0,11.0,8.0,7.0,5.0,5.0,8.0,4.0,2.0,,,
2020-04-01,,,,,3.0,3.0,1.0,2.0,,2.0,3.0,6.0,5.0,2.0,9.0,9.0,11.0,4.0,6.0,2.0,,,
2020-04-02,,,,,,,1.0,2.0,,1.0,3.0,1.0,6.0,9.0,7.0,3.0,10.0,3.0,6.0,1.0,,,
2020-04-03,2.0,,,,1.0,1.0,1.0,2.0,,4.0,8.0,1.0,4.0,6.0,5.0,11.0,5.0,4.0,5.0,,,,
2020-04-04,1.0,,1.0,2.0,,,,,4.0,4.0,2.0,3.0,5.0,8.0,10.0,6.0,8.0,5.0,2.0,3.0,,,
2020-04-05,2.0,,,,,2.0,,1.0,2.0,1.0,5.0,,3.0,8.0,5.0,6.0,12.0,9.0,3.0,,,,
2020-04-06,,,,,,,,1.0,3.0,3.0,3.0,5.0,4.0,7.0,10.0,7.0,7.0,1.0,2.0,3.0,,,
2020-04-07,3.0,1.0,,,,1.0,,3.0,2.0,2.0,4.0,6.0,5.0,6.0,12.0,8.0,8.0,5.0,1.0,1.0,,,
2020-04-08,,,,,,,2.0,2.0,,1.0,3.0,5.0,4.0,7.0,7.0,4.0,4.0,8.0,3.0,2.0,,,
2020-04-09,3.0,,,2.0,1.0,,2.0,1.0,3.0,3.0,3.0,5.0,6.0,8.0,4.0,5.0,14.0,4.0,3.0,3.0,,,
2020-04-10,4.0,,,,,1.0,2.0,2.0,3.0,1.0,3.0,5.0,8.0,4.0,13.0,4.0,3.0,4.0,2.0,2.0,,,
2020-04-11,2.0,,,,,1.0,3.0,,2.0,6.0,5.0,5.0,4.0,5.0,6.0,7.0,3.0,7.0,2.0,1.0,,,
2020-04-12,1.0,,,1.0,,,2.0,2.0,,3.0,3.0,4.0,3.0,3.0,6.0,6.0,5.0,9.0,3.0,1.0,,,
2020-04-13,,,,1.0,,1.0,2.0,1.0,1.0,2.0,2.0,4.0,6.0,5.0,9.0,8.0,6.0,8.0,3.0,1.0,,,
2020-04-14,1.0,,1.0,,1.0,1.0,1.0,1.0,3.0,2.0,1.0,5.0,4.0,5.0,4.0,7.0,5.0,3.0,1.0,,,,
2020-04-15,,,,2.0,,1.0,,1.0,1.0,3.0,3.0,6.0,9.0,7.0,10.0,7.0,10.0,,2.0,,,,
2020-04-16,4.0,,,1.0,1.0,1.0,1.0,1.0,,3.0,2.0,4.0,7.0,7.0,8.0,10.0,3.0,4.0,3.0,1.0,,,
2020-04-17,1.0,,,,,1.0,3.0,,2.0,6.0,6.0,3.0,2.0,10.0,2.0,11.0,6.0,3.0,3.0,1.0,,,
2020-04-18,2.0,,,,,,2.0,1.0,2.0,1.0,2.0,4.0,9.0,8.0,8.0,4.0,3.0,6.0,3.0,,,,
2020-04-19,2.0,,,1.0,,2.0,1.0,,,5.0,1.0,3.0,10.0,4.0,12.0,9.0,8.0,8.0,6.0,1.0,,,
2020-04-20,4.0,,,,,,1.0,1.0,2.0,2.0,4.0,3.0,5.0,6.0,5.0,4.0,9.0,5.0,2.0,2.0,,,
2020-04-21,,,,,1.0,1.0,1.0,,2.0,3.0,2.0,3.0,5.0,15.0,11.0,7.0,10.0,6.0,3.0,,,,
2020-04-22,4.0,,,2.0,1.0,2.0,1.0,1.0,2.0,2.0,8.0,10.0,6.0,6.0,14.0,5.0,8.0,4.0,2.0,1.0,,,
2020-04-23,3.0,,,1.0,,2.0,2.0,1.0,1.0,4.0,,7.0,11.0,9.0,10.0,5.0,5.0,5.0,6.0,1.0,1.0,,
2020-04-24,1.0,,,1.0,,1.0,1.0,2.0,1.0,4.0,3.0,1.0,5.0,8.0,10.0,13.0,12.0,3.0,3.0,,,,
2020-04-25,4.0,,,,,,,,1.0,,3.0,4.0,12.0,8.0,6.0,7.0,6.0,8.0,,2.0,,,
2020-04-26,2.0,,,,2.0,,,,2.0,5.0,2.0,,3.0,7.0,5.0,5.0,11.0,4.0,2.0,1.0,,,
2020-04-27,4.0,,,1.0,,1.0,1.0,3.0,2.0,4.0,4.0,5.0,4.0,6.0,7.0,6.0,5.0,4.0,2.0,2.0,,,
2020-04-28,3.0,,,1.0,,1.0,,1.0,1.0,3.0,3.0,5.0,3.0,6.0,7.0,9.0,5.0,2.0,3.0,1.0,,,
2020-04-29,1.0,1.0,,,1.0,1.0,,1.0,2.0,2.0,4.0,5.0,7.0,5.0,14.0,8.0,6.0,5.0,1.0,1.0,,,
2020-04-30,7.0,,,2.0,2.0,1.0,1.0,1.0,1.0,2.0,3.0,6.0,9.0,11.0,9.0,8.0,3.0,9.0,1.0,,,,
2020-05-01,1.0,,,,1.0,,,,2.0,3.0,4.0,3.0,4.0,6.0,5.0,10.0,7.0,3.0,2.0,4.0,,,
2020-05-02,2.0,,,2.0,1.0,1.0,,4.0,1.0,5.0,2.0,4.0,11.0,9.0,7.0,7.0,4.0,6.0,5.0,2.0,,,
2020-05-03,1.0,1.0,,1.0,1.0,,,1.0,1.0,1.0,2.0,5.0,11.0,12.0,12.0,10.0,12.0,6.0,4.0,1.0,,,
2020-05-04,2.0,,,,1.0,,1.0,,2.0,4.0,4.0,5.0,8.0,8.0,4.0,5.0,6.0,3.0,3.0,,,,
2020-05-05,2.0,,,1.0,2.0,2.0,,,2.0,,1.0,4.0,6.0,6.0,9.0,3.0,7.0,5.0,1.0,2.0,,,
2020-05-06,2.0,,,,,,1.0,,2.0,3.0,6.0,7.0,6.0,8.0,11.0,10.0,13.0,6.0,4.0,1.0,,,
2020-05-07,1.0,,,,1.0,1.0,2.0,4.0,1.0,4.0,4.0,2.0,3.0,8.0,9.0,10.0,10.0,5.0,3.0,,,,
2020-05-08,3.0,,,1.0,,1.0,2.0,,2.0,,6.0,8.0,10.0,7.0,8.0,10.0,7.0,3.0,1.0,,,,
2020-05-09,3.0,,,1.0,,1.0,2.0,1.0,2.0,5.0,4.0,10.0,8.0,8.0,8.0,8.0,10.0,6.0,4.0,,,,
2020-05-10,1.0,,1.0,,2.0,,2.0,2.0,2.0,3.0,6.0,4.0,11.0,12.0,12.0,12.0,12.0,10.0,5.0,2.0,,,
2020-05-11,1.0,2.0,,,1.0,4.0,2.0,,5.0,3.0,4.0,4.0,8.0,9.0,8.0,16.0,10.0,4.0,5.0,1.0,,,
2020-05-12,2.0,,,,1.0,1.0,,2.0,3.0,4.0,7.0,8.0,7.0,7.0,10.0,6.0,8.0,4.0,6.0,3.0,,,
2020-05-13,1.0,,1.0,,3.0,2.0,1.0,3.0,,2.0,3.0,6.0,9.0,13.0,13.0,5.0,7.0,6.0,,4.0,,,
2020-05-14,2.0,,,3.0,,2.0,2.0,1.0,3.0,3.0,5.0,3.0,7.0,8.0,17.0,12.0,6.0,6.0,2.0,,,,
2020-05-15,,,,1.0,1.0,2.0,1.0,2.0,4.0,3.0,4.0,9.0,3.0,11.0,12.0,9.0,12.0,5.0,4.0,1.0,,,
2020-05-16,2.0,1.0,,,,,1.0,2.0,5.0,3.0,2.0,4.0,16.0,10.0,9.0,16.0,17.0,6.0,5.0,2.0,1.0,,
2020-05-17,,1.0,,,,,2.0,,3.0,3.0,5.0,7.0,12.0,9.0,11.0,10.0,11.0,7.0,4.0,,,,
2020-05-18,2.0,,1.0,,,3.0,,1.0,2.0,1.0,4.0,9.0,5.0,12.0,18.0,12.0,9.0,9.0,1.0,,,,
2020-05-19,6.0,,,,,1.0,,1.0,7.0,2.0,9.0,9.0,4.0,10.0,17.0,13.0,8.0,5.0,4.0,2.0,,,
2020-05-20,2.0,,,,1.0,2.0,1.0,1.0,2.0,5.0,4.0,10.0,18.0,14.0,11.0,18.0,13.0,6.0,4.0,1.0,,,
2020-05-21,1.0,,,2.0,2.0,2.0,1.0,5.0,2.0,3.0,5.0,7.0,13.0,14.0,17.0,14.0,14.0,12.0,6.0,1.0,1.0,,
2020-05-22,,,,1.0,1.0,1.0,3.0,1.0,2.0,6.0,10.0,8.0,11.0,14.0,24.0,16.0,24.0,14.0,5.0,1.0,,,
2020-05-23,2.0,,,1.0,,2.0,,1.0,8.0,3.0,8.0,8.0,19.0,17.0,25.0,11.0,22.0,13.0,2.0,,,,
2020-05-24,1.0,,,,4.0,1.0,2.0,2.0,3.0,4.0,10.0,14.0,12.0,15.0,11.0,14.0,16.0,14.0,5.0,3.0,1.0,,
2020-05-25,4.0,,,2.0,1.0,,1.0,1.0,2.0,6.0,5.0,8.0,6.0,21.0,9.0,19.0,14.0,10.0,5.0,1.0,,,
2020-05-26,3.0,,1.0,,,2.0,2.0,1.0,4.0,9.0,8.0,10.0,13.0,13.0,15.0,15.0,13.0,5.0,2.0,,,,
2020-05-27,3.0,,1.0,,1.0,,3.0,4.0,3.0,7.0,10.0,12.0,15.0,12.0,15.0,11.0,5.0,9.0,2.0,2.0,,,
2020-05-28,4.0,,,1.0,,2.0,1.0,4.0,,6.0,5.0,10.0,15.0,17.0,17.0,15.0,11.0,13.0,3.0,,,,
2020-05-29,4.0,,,,1.0,3.0,,3.0,3.0,6.0,15.0,8.0,14.0,12.0,19.0,17.0,14.0,12.0,5.0,1.0,2.0,,
2020-05-30,,,,,,1.0,1.0,3.0,4.0,3.0,7.0,6.0,9.0,23.0,18.0,9.0,8.0,6.0,10.0,2.0,1.0,,
2020-05-31,,,,1.0,,2.0,2.0,3.0,4.0,3.0,6.0,20.0,10.0,14.0,14.0,13.0,20.0,7.0,6.0,1.0,,,
2020-06-01,2.0,,,,1.0,,2.0,2.0,4.0,4.0,6.0,10.0,11.0,18.0,12.0,9.0,11.0,11.0,6.0,,,,
2020-06-02,2.0,,,2.0,,3.0,3.0,1.0,5.0,5.0,10.0,7.0,13.0,11.0,22.0,11.0,15.0,9.0,4.0,2.0,,,
2020-06-03,7.0,,,3.0,,2.0,5.0,1.0,5.0,1.0,8.0,15.0,8.0,17.0,17.0,13.0,11.0,8.0,6.0,,,,
2020-06-04,2.0,,1.0,2.0,1.0,,1.0,1.0,5.0,5.0,7.0,11.0,11.0,23.0,10.0,17.0,11.0,5.0,3.0,,,,
2020-06-05,1.0,,,1.0,,1.0,1.0,3.0,1.0,1.0,5.0,10.0,14.0,21.0,17.0,10.0,6.0,3.0,5.0,1.0,,,
2020-06-06,,,,1.0,1.0,1.0,,3.0,2.0,8.0,3.0,7.0,10.0,14.0,17.0,14.0,15.0,7.0,3.0,2.0,1.0,,
2020-06-07,1.0,,1.0,,,,,3.0,1.0,1.0,6.0,12.0,9.0,13.0,17.0,13.0,10.0,5.0,3.0,2.0,,,
2020-06-08,1.0,1.0,1.0,,2.0,1.0,,1.0,2.0,5.0,2.0,5.0,10.0,17.0,17.0,10.0,17.0,14.0,7.0,2.0,1.0,,
2020-06-09,4.0,,1.0,,1.0,3.0,3.0,1.0,5.0,8.0,7.0,12.0,10.0,21.0,15.0,12.0,13.0,6.0,5.0,1.0,,,
2020-06-10,3.0,1.0,,,,1.0,1.0,2.0,4.0,2.0,2.0,10.0,11.0,17.0,19.0,9.0,11.0,9.0,5.0,1.0,,,
2020-06-11,2.0,,,1.0,,1.0,1.0,1.0,4.0,4.0,7.0,9.0,14.0,9.0,15.0,11.0,9.0,5.0,3.0,2.0,,,
2020-06-12,2.0,,,,,2.0,1.0,3.0,4.0,3.0,10.0,15.0,13.0,12.0,17.0,16.0,9.0,3.0,1.0,1.0,1.0,,
2020-06-13,3.0,1.0,,,1.0,3.0,2.0,2.0,1.0,3.0,4.0,7.0,12.0,16.0,14.0,21.0,9.0,11.0,6.0,2.0,,,
2020-06-14,1.0,,1.0,,1.0,1.0,2.0,,4.0,2.0,7.0,12.0,10.0,11.0,16.0,16.0,14.0,14.0,5.0,,1.0,,
2020-06-15,1.0,,,,3.0,3.0,1.0,2.0,4.0,5.0,5.0,9.0,7.0,18.0,22.0,13.0,12.0,6.0,4.0,2.0,,,
2020-06-16,1.0,,,,,,1.0,4.0,2.0,5.0,7.0,11.0,19.0,16.0,20.0,15.0,16.0,11.0,4.0,3.0,2.0,,
2020-06-17,1.0,,1.0,1.0,,,,1.0,1.0,10.0,4.0,10.0,11.0,12.0,19.0,18.0,15.0,6.0,2.0,,1.0,,
2020-06-18,5.0,,1.0,1.0,,1.0,2.0,2.0,3.0,2.0,9.0,9.0,15.0,12.0,13.0,15.0,14.0,10.0,4.0,3.0,,,
2020-06-19,1.0,,,,,,4.0,1.0,4.0,4.0,9.0,9.0,13.0,17.0,23.0,14.0,15.0,14.0,4.0,1.0,1.0,,
2020-06-20,4.0,,,1.0,,,1.0,,3.0,7.0,7.0,7.0,14.0,13.0,16.0,10.0,14.0,9.0,5.0,1.0,1.0,,
2020-06-21,,,1.0,,,,,1.0,1.0,2.0,7.0,9.0,9.0,7.0,18.0,13.0,9.0,7.0,6.0,1.0,,,
2020-06-22,1.0,,,,1.0,,2.0,2.0,1.0,3.0,4.0,8.0,13.0,13.0,13.0,12.0,13.0,5.0,4.0,1.0,,,
2020-06-23,5.0,,,1.0,1.0,1.0,,3.0,1.0,3.0,8.0,9.0,10.0,17.0,11.0,11.0,11.0,4.0,3.0,3.0,,,
2020-06-24,2.0,1.0,,,1.0,,3.0,1.0,4.0,2.0,10.0,8.0,12.0,12.0,20.0,12.0,9.0,6.0,5.0,2.0,,,
2020-06-25,1.0,,,1.0,1.0,,1.0,5.0,,3.0,6.0,9.0,11.0,10.0,13.0,14.0,13.0,7.0,4.0,3.0,,,
2020-06-26,1.0,,,,1.0,,1.0,2.0,4.0,8.0,7.0,7.0,14.0,14.0,10.0,6.0,7.0,6.0,8.0,3.0,,,
2020-06-27,3.0,,,,1.0,,,1.0,3.0,5.0,2.0,3.0,13.0,12.0,18.0,12.0,6.0,7.0,8.0,1.0,1.0,,
2020-06-28,1.0,,1.0,,3.0,,,1.0,5.0,3.0,5.0,8.0,5.0,17.0,11.0,9.0,11.0,6.0,2.0,1.0,,,
2020-06-29,2.0,,,,,,1.0,2.0,3.0,3.0,5.0,8.0,15.0,9.0,20.0,8.0,8.0,8.0,4.0,,,,
2020-06-30,3.0,,,,,,,2.0,6.0,1.0,3.0,6.0,10.0,7.0,14.0,7.0,8.0,8.0,4.0,2.0,,,
2020-07-01,,,1.0,,,,1.0,2.0,1.0,3.0,3.0,7.0,14.0,7.0,12.0,10.0,11.0,4.0,6.0,1.0,,,
2020-07-02,1.0,,,1.0,,1.0,2.0,,3.0,4.0,4.0,10.0,11.0,8.0,7.0,11.0,8.0,6.0,1.0,,,,
2020-07-03,2.0,,,,,,1.0,1.0,4.0,6.0,6.0,8.0,16.0,15.0,10.0,14.0,11.0,7.0,4.0,1.0,1.0,,
2020-07-04,1.0,1.0,1.0,1.0,3.0,4.0,,1.0,4.0,2.0,4.0,8.0,9.0,14.0,13.0,7.0,4.0,3.0,3.0,1.0,,,
2020-07-05,1.0,,,,1.0,,,2.0,2.0,3.0,5.0,7.0,10.0,11.0,6.0,11.0,16.0,8.0,3.0,,,,
2020-07-06,1.0,,,1.0,,,2.0,1.0,2.0,3.0,3.0,5.0,11.0,12.0,13.0,12.0,10.0,6.0,5.0,1.0,,,
2020-07-07,3.0,,,,3.0,,1.0,3.0,1.0,2.0,5.0,8.0,13.0,14.0,14.0,10.0,11.0,5.0,3.0,1.0,,,
2020-07-08,3.0,,1.0,,,,2.0,4.0,2.0,,8.0,4.0,11.0,11.0,10.0,9.0,14.0,5.0,5.0,,,,
2020-07-09,2.0,,,1.0,,1.0,,1.0,1.0,5.0,1.0,8.0,10.0,8.0,14.0,13.0,11.0,7.0,4.0,,,,
2020-07-10,2.0,1.0,,1.0,2.0,1.0,,2.0,4.0,7.0,3.0,10.0,14.0,17.0,18.0,8.0,4.0,4.0,3.0,,,,
2020-07-11,1.0,,,1.0,1.0,3.0,1.0,5.0,2.0,1.0,9.0,10.0,5.0,10.0,10.0,8.0,13.0,5.0,4.0,1.0,,,
2020-07-12,6.0,,,1.0,1.0,,,1.0,1.0,2.0,7.0,6.0,4.0,9.0,28.0,10.0,8.0,7.0,4.0,1.0,,,
2020-07-13,4.0,,,1.0,,2.0,2.0,,5.0,4.0,5.0,8.0,5.0,14.0,12.0,13.0,11.0,4.0,1.0,,1.0,,
2020-07-14,2.0,,,,3.0,,,1.0,6.0,1.0,2.0,10.0,9.0,6.0,16.0,5.0,6.0,8.0,2.0,1.0,,,
2020-07-15,1.0,,,1.0,2.0,2.0,1.0,1.0,2.0,3.0,2.0,6.0,11.0,7.0,6.0,12.0,8.0,4.0,3.0,2.0,,,
2020-07-16,7.0,,,2.0,1.0,3.0,,2.0,1.0,7.0,3.0,4.0,9.0,6.0,5.0,11.0,7.0,5.0,,,,,
2020-07-17,2.0,1.0,,,1.0,,,,2.0,5.0,8.0,6.0,12.0,10.0,6.0,11.0,13.0,1.0,2.0,,,,
2020-07-18,,,,,,4.0,1.0,3.0,2.0,1.0,3.0,7.0,9.0,11.0,14.0,11.0,12.0,4.0,3.0,,,,
2020-07-19,3.0,,1.0,1.0,1.0,1.0,,,1.0,4.0,4.0,5.0,6.0,6.0,11.0,11.0,6.0,2.0,1.0,,,,
2020-07-20,2.0,,,,,3.0,,1.0,2.0,5.0,4.0,8.0,7.0,11.0,7.0,4.0,10.0,4.0,6.0,,,,
2020-07-21,2.0,,,1.0,,1.0,,2.0,1.0,1.0,3.0,2.0,4.0,11.0,7.0,10.0,9.0,7.0,1.0,,,,
2020-07-22,5.0,,,1.0,,1.0,1.0,,3.0,2.0,4.0,6.0,10.0,8.0,7.0,10.0,7.0,9.0,2.0,1.0,,,
2020-07-23,1.0,1.0,,1.0,1.0,,3.0,,3.0,4.0,6.0,7.0,13.0,6.0,9.0,6.0,15.0,8.0,4.0,1.0,,,
2020-07-24,1.0,,,,1.0,,,,4.0,3.0,4.0,7.0,8.0,11.0,8.0,11.0,10.0,6.0,3.0,2.0,,,
2020-07-25,4.0,,1.0,1.0,1.0,,1.0,,3.0,2.0,3.0,4.0,7.0,15.0,8.0,6.0,4.0,2.0,3.0,1.0,,,
2020-07-26,,,,,1.0,1.0,1.0,1.0,2.0,5.0,5.0,7.0,8.0,8.0,7.0,7.0,10.0,4.0,4.0,,,,
2020-07-27,1.0,1.0,,1.0,3.0,2.0,,2.0,5.0,7.0,12.0,7.0,5.0,11.0,8.0,14.0,5.0,6.0,4.0,,1.0,,
2020-07-28,4.0,,1.0,2.0,,2.0,,1.0,5.0,1.0,2.0,6.0,5.0,9.0,13.0,12.0,6.0,10.0,5.0,1.0,,,
2020-07-29,1.0,,,,1.0,,,2.0,4.0,4.0,4.0,6.0,8.0,14.0,13.0,10.0,8.0,5.0,5.0,2.0,,,
2020-07-30,1.0,,,1.0,1.0,4.0,,1.0,1.0,2.0,7.0,6.0,10.0,12.0,6.0,8.0,5.0,5.0,2.0,1.0,1.0,,
2020-07-31,5.0,,,2.0,,3.0,2.0,,2.0,3.0,7.0,5.0,11.0,8.0,11.0,7.0,7.0,6.0,3.0,,,,
2020-08-01,4.0,1.0,1.0,1.0,3.0,4.0,3.0,2.0,3.0,6.0,4.0,13.0,5.0,13.0,7.0,7.0,8.0,4.0,2.0,1.0,,,
2020-08-02,3.0,,1.0,,,1.0,2.0,1.0,2.0,3.0,10.0,7.0,5.0,7.0,5.0,10.0,9.0,5.0,3.0,,,,
2020-08-03,2.0,,,,,1.0,,1.0,2.0,1.0,10.0,3.0,6.0,10.0,12.0,12.0,3.0,4.0,4.0,1.0,,1.0,
2020-08-04,1.0,,,,1.0,1.0,1.0,1.0,3.0,5.0,5.0,10.0,9.0,10.0,12.0,10.0,4.0,10.0,5.0,1.0,,,
2020-08-05,4.0,,1.0,1.0,4.0,3.0,,,3.0,1.0,4.0,6.0,9.0,9.0,8.0,7.0,10.0,5.0,2.0,,2.0,,
2020-08-06,4.0,1.0,1.0,4.0,2.0,2.0,,1.0,2.0,2.0,5.0,11.0,5.0,9.0,15.0,8.0,12.0,2.0,6.0,1.0,2.0,,
2020-08-07,1.0,,,1.0,,,1.0,1.0,6.0,3.0,5.0,9.0,2.0,9.0,9.0,5.0,10.0,10.0,1.0,,,,
2020-08-08,3.0,,1.0,,1.0,1.0,,2.0,2.0,6.0,5.0,4.0,7.0,8.0,11.0,5.0,9.0,11.0,2.0,,,,
2020-08-09,1.0,1.0,,1.0,,,1.0,2.0,,6.0,2.0,7.0,10.0,6.0,10.0,7.0,10.0,4.0,4.0,1.0,,,
2020-08-10,1.0,1.0,1.0,,3.0,1.0,,3.0,2.0,2.0,8.0,9.0,6.0,14.0,3.0,10.0,7.0,8.0,5.0,4.0,,,
2020-08-11,,,,1.0,,,2.0,,4.0,3.0,5.0,6.0,3.0,5.0,11.0,14.0,11.0,5.0,2.0,,,,
2020-08-12,1.0,,,,3.0,1.0,1.0,1.0,2.0,4.0,6.0,5.0,6.0,11.0,14.0,8.0,7.0,4.0,4.0,2.0,,,
2020-08-13,1.0,,,,1.0,,,3.0,2.0,3.0,5.0,5.0,8.0,6.0,19.0,14.0,8.0,3.0,2.0,,,,
2020-08-14,3.0,,,,1.0,1.0,1.0,2.0,1.0,5.0,4.0,8.0,9.0,7.0,18.0,9.0,6.0,2.0,2.0,2.0,,,
2020-08-15,2.0,,,,,2.0,1.0,1.0,1.0,5.0,3.0,8.0,9.0,6.0,8.0,6.0,5.0,5.0,2.0,1.0,1.0,,
2020-08-16,3.0,2.0,,,,1.0,,2.0,1.0,1.0,6.0,11.0,7.0,9.0,14.0,18.0,9.0,5.0,4.0,2.0,,,
2020-08-17,,,,3.0,2.0,3.0,2.0,4.0,7.0,6.0,4.0,10.0,7.0,9.0,15.0,12.0,9.0,7.0,5.0,,,,
2020-08-18,3.0,,,,,1.0,4.0,3.0,6.0,5.0,6.0,9.0,8.0,11.0,14.0,9.0,12.0,12.0,6.0,1.0,,,
2020-08-19,4.0,,,,2.0,,1.0,3.0,3.0,6.0,1.0,3.0,14.0,8.0,9.0,10.0,12.0,9.0,3.0,,,,
2020-08-20,2.0,,,,,3.0,,3.0,2.0,3.0,2.0,7.0,8.0,10.0,12.0,10.0,11.0,7.0,2.0,3.0,2.0,,
2020-08-21,2.0,,1.0,,1.0,,1.0,2.0,4.0,2.0,6.0,8.0,7.0,13.0,13.0,11.0,9.0,8.0,3.0,3.0,,,
2020-08-22,2.0,,,,,1.0,1.0,2.0,1.0,2.0,9.0,9.0,10.0,9.0,7.0,9.0,12.0,14.0,5.0,2.0,,,
2020-08-23,3.0,,,,1.0,1.0,1.0,,3.0,6.0,4.0,5.0,11.0,7.0,13.0,11.0,10.0,8.0,6.0,2.0,,,
2020-08-24,1.0,,,2.0,1.0,2.0,,1.0,1.0,2.0,6.0,8.0,9.0,14.0,9.0,7.0,9.0,6.0,4.0,,,,
2020-08-25,7.0,,,1.0,1.0,1.0,1.0,5.0,2.0,2.0,2.0,3.0,5.0,9.0,7.0,9.0,8.0,3.0,3.0,,1.0,,
2020-08-26,1.0,,,,1.0,,,2.0,2.0,8.0,4.0,8.0,8.0,13.0,14.0,11.0,9.0,6.0,3.0,2.0,,,
2020-08-27,8.0,1.0,,,2.0,2.0,1.0,1.0,2.0,2.0,7.0,4.0,12.0,17.0,12.0,8.0,13.0,8.0,3.0,1.0,,,
2020-08-28,4.0,,1.0,,,2.0,1.0,1.0,3.0,3.0,4.0,9.0,13.0,11.0,8.0,13.0,14.0,5.0,6.0,2.0,,,
2020-08-29,3.0,,,1.0,,1.0,2.0,,4.0,4.0,11.0,10.0,11.0,5.0,21.0,14.0,7.0,8.0,4.0,3.0,,,
2020-08-30,1.0,,,1.0,,,3.0,1.0,2.0,2.0,6.0,1.0,9.0,10.0,17.0,20.0,10.0,5.0,2.0,2.0,1.0,,
2020-08-31,2.0,1.0,,1.0,,,3.0,1.0,3.0,3.0,4.0,9.0,9.0,9.0,15.0,14.0,5.0,7.0,5.0,2.0,,1.0,
2020-09-01,4.0,1.0,,,2.0,,,1.0,5.0,5.0,8.0,9.0,13.0,8.0,17.0,11.0,11.0,12.0,4.0,1.0,,,
2020-09-02,,1.0,1.0,,2.0,,1.0,,1.0,9.0,3.0,7.0,5.0,10.0,7.0,10.0,12.0,5.0,2.0,3.0,1.0,,
2020-09-03,4.0,,1.0,1.0,,1.0,,2.0,2.0,4.0,3.0,4.0,6.0,11.0,11.0,13.0,15.0,6.0,3.0,1.0,,,
2020-09-04,5.0,,,1.0,,1.0,,4.0,,5.0,4.0,6.0,6.0,10.0,17.0,10.0,10.0,7.0,6.0,1.0,,,1.0
2020-09-05,6.0,,1.0,,,2.0,,,1.0,10.0,8.0,3.0,4.0,19.0,13.0,8.0,7.0,6.0,2.0,1.0,,,
2020-09-06,3.0,,,,1.0,1.0,1.0,3.0,2.0,1.0,2.0,12.0,10.0,6.0,12.0,14.0,9.0,3.0,3.0,2.0,,,
2020-09-07,3.0,,,,,4.0,,,5.0,3.0,8.0,3.0,12.0,10.0,12.0,6.0,14.0,9.0,1.0,2.0,1.0,,
2020-09-08,4.0,1.0,1.0,1.0,1.0,1.0,1.0,1.0,5.0,2.0,9.0,8.0,8.0,20.0,12.0,9.0,14.0,11.0,3.0,1.0,,,
2020-09-09,1.0,,1.0,1.0,,3.0,2.0,1.0,5.0,3.0,5.0,9.0,6.0,8.0,9.0,8.0,9.0,4.0,3.0,1.0,,,
2020-09-10,2.0,,,1.0,1.0,1.0,1.0,1.0,3.0,3.0,4.0,6.0,9.0,9.0,6.0,11.0,9.0,7.0,5.0,1.0,,,
2020-09-11,1.0,,1.0,,2.0,2.0,1.0,2.0,3.0,6.0,9.0,8.0,9.0,10.0,17.0,6.0,4.0,7.0,1.0,,,,
2020-09-12,3.0,1.0,1.0,,,1.0,1.0,3.0,2.0,5.0,5.0,4.0,6.0,7.0,8.0,6.0,5.0,6.0,3.0,1.0,,,
2020-09-13,3.0,1.0,,2.0,1.0,1.0,3.0,,2.0,2.0,7.0,5.0,11.0,8.0,12.0,8.0,12.0,1.0,2.0,1.0,,,
2020-09-14,1.0,,,,1.0,1.0,1.0,3.0,2.0,3.0,1.0,6.0,6.0,15.0,9.0,4.0,6.0,7.0,2.0,1.0,,,
2020-09-15,2.0,,1.0,1.0,1.0,,,2.0,3.0,6.0,4.0,5.0,10.0,8.0,11.0,12.0,9.0,4.0,2.0,1.0,1.0,,
2020-09-16,5.0,,,1.0,,,2.0,3.0,3.0,3.0,5.0,8.0,11.0,12.0,11.0,10.0,8.0,1.0,4.0,2.0,,,
2020-09-17,2.0,,2.0,3.0,,2.0,,3.0,5.0,5.0,5.0,9.0,12.0,13.0,11.0,10.0,8.0,8.0,1.0,,,,
2020-09-18,3.0,1.0,,,,3.0,1.0,2.0,2.0,4.0,7.0,8.0,13.0,8.0,13.0,8.0,14.0,9.0,4.0,,1.0,,
2020-09-19,2.0,1.0,,1.0,1.0,1.0,,2.0,3.0,3.0,6.0,4.0,5.0,8.0,5.0,4.0,9.0,3.0,2.0,,,,
2020-09-20,1.0,,,3.0,2.0,2.0,,2.0,2.0,4.0,5.0,10.0,12.0,5.0,10.0,6.0,4.0,6.0,3.0,,,,
2020-09-21,3.0,,1.0,,2.0,,1.0,4.0,2.0,6.0,5.0,8.0,10.0,6.0,10.0,8.0,13.0,10.0,2.0,,,,
2020-09-22,2.0,,,1.0,3.0,2.0,1.0,,,7.0,3.0,12.0,17.0,11.0,11.0,14.0,11.0,4.0,4.0,1.0,,,
2020-09-23,2.0,1.0,1.0,,1.0,1.0,1.0,3.0,1.0,2.0,3.0,7.0,10.0,14.0,11.0,5.0,4.0,10.0,4.0,2.0,1.0,,
2020-09-24,4.0,,1.0,,,3.0,3.0,,2.0,5.0,2.0,4.0,11.0,7.0,13.0,9.0,5.0,9.0,,2.0,,,
2020-09-25,3.0,2.0,,,1.0,,1.0,1.0,1.0,2.0,3.0,8.0,6.0,9.0,10.0,14.0,13.0,8.0,4.0,,,,
2020-09-26,2.0,,,1.0,2.0,4.0,1.0,,,2.0,3.0,7.0,9.0,10.0,12.0,9.0,6.0,8.0,4.0,,,,
2020-09-27,1.0,,,1.0,3.0,2.0,2.0,2.0,4.0,1.0,7.0,6.0,16.0,16.0,11.0,10.0,10.0,8.0,4.0,,1.0,,
2020-09-28,2.0,1.0,1.0,,,1.0,2.0,1.0,1.0,6.0,5.0,3.0,10.0,11.0,12.0,13.0,10.0,4.0,3.0,,,,
2020-09-29,3.0,,,,,2.0,1.0,,2.0,3.0,3.0,8.0,10.0,8.0,11.0,15.0,15.0,6.0,4.0,2.0,1.0,,
2020-09-30,,,1.0,,,,1.0,2.0,,3.0,7.0,5.0,8.0,7.0,12.0,9.0,13.0,7.0,2.0,,,,
2020-10-01,1.0,1.0,,3.0,3.0,1.0,1.0,1.0,2.0,,2.0,7.0,4.0,9.0,12.0,11.0,8.0,8.0,3.0,2.0,,,
2020-10-02,2.0,,,,1.0,,2.0,3.0,1.0,1.0,8.0,9.0,7.0,11.0,19.0,10.0,10.0,10.0,3.0,,,,
2020-10-03,3.0,,,,,,1.0,,,2.0,4.0,4.0,5.0,16.0,15.0,9.0,6.0,4.0,3.0,,,,
2020-10-04,4.0,,,,2.0,,,1.0,,4.0,2.0,1.0,5.0,14.0,18.0,7.0,10.0,7.0,4.0,1.0,,,
2020-10-05,,,,1.0,,,2.0,2.0,5.0,5.0,6.0,12.0,14.0,7.0,13.0,9.0,10.0,5.0,1.0,1.0,,,
2020-10-06,3.0,,1.0,,1.0,1.0,,1.0,3.0,3.0,4.0,6.0,8.0,7.0,17.0,15.0,15.0,8.0,4.0,1.0,,,
2020-10-07,3.0,,,,4.0,1.0,1.0,,,4.0,4.0,10.0,11.0,9.0,7.0,8.0,16.0,13.0,2.0,,,,
2020-10-08,4.0,,,1.0,,1.0,2.0,5.0,2.0,2.0,4.0,7.0,5.0,9.0,17.0,15.0,9.0,6.0,3.0,1.0,1.0,,
2020-10-09,6.0,,1.0,2.0,1.0,1.0,,2.0,3.0,8.0,6.0,6.0,5.0,14.0,13.0,8.0,10.0,6.0,3.0,2.0,,,
2020-10-10,3.0,1.0,,1.0,,,2.0,2.0,2.0,5.0,2.0,10.0,10.0,9.0,11.0,2.0,14.0,9.0,5.0,,,,
2020-10-11,1.0,,,1.0,,1.0,1.0,2.0,1.0,3.0,4.0,5.0,8.0,8.0,15.0,9.0,10.0,9.0,4.0,,1.0,,
2020-10-12,1.0,,,1.0,2.0,,1.0,2.0,4.0,2.0,5.0,2.0,10.0,7.0,13.0,13.0,15.0,2.0,3.0,,,,
2020-10-13,1.0,,,2.0,,,3.0,3.0,3.0,1.0,3.0,8.0,8.0,9.0,19.0,10.0,6.0,7.0,6.0,1.0,,,
2020-10-14,4.0,1.0,,,2.0,1.0,,5.0,4.0,,4.0,3.0,6.0,15.0,13.0,5.0,8.0,8.0,4.0,1.0,,,
2020-10-15,2.0,,1.0,,,2.0,,1.0,1.0,3.0,8.0,10.0,9.0,14.0,10.0,7.0,8.0,7.0,,2.0,,,
2020-10-16,1.0,,,1.0,1.0,1.0,2.0,3.0,3.0,4.0,6.0,11.0,14.0,11.0,15.0,9.0,11.0,6.0,4.0,,,,
2020-10-17,2.0,,,2.0,1.0,1.0,,1.0,3.0,5.0,2.0,6.0,12.0,8.0,12.0,9.0,7.0,7.0,3.0,2.0,,,
2020-10-18,,1.0,1.0,,,3.0,1.0,2.0,1.0,3.0,1.0,11.0,10.0,7.0,7.0,8.0,9.0,4.0,2.0,2.0,,,
2020-10-19,4.0,,1.0,2.0,1.0,2.0,,2.0,2.0,5.0,5.0,5.0,7.0,9.0,16.0,11.0,10.0,4.0,1.0,,,,
2020-10-20,4.0,,,,,1.0,1.0,1.0,4.0,,4.0,10.0,4.0,10.0,11.0,11.0,8.0,3.0,4.0,2.0,,,
2020-10-21,2.0,2.0,,,2.0,1.0,,2.0,1.0,2.0,5.0,5.0,7.0,13.0,13.0,8.0,13.0,2.0,4.0,,,,
2020-10-22,3.0,,,1.0,2.0,3.0,2.0,1.0,2.0,3.0,7.0,4.0,4.0,10.0,8.0,11.0,8.0,5.0,2.0,,,,
2020-10-23,,,,1.0,,,1.0,3.0,1.0,3.0,7.0,10.0,8.0,6.0,14.0,8.0,10.0,3.0,2.0,2.0,,,
2020-10-24,2.0,,,,,1.0,1.0,1.0,3.0,3.0,4.0,6.0,12.0,3.0,10.0,12.0,9.0,9.0,3.0,2.0,,,
2020-10-25,2.0,1.0,1.0,1.0,,3.0,2.0,1.0,5.0,3.0,6.0,5.0,11.0,8.0,9.0,6.0,7.0,7.0,1.0,3.0,1.0,,
2020-10-26,1.0,,1.0,,,1.0,3.0,2.0,2.0,7.0,5.0,12.0,4.0,5.0,10.0,10.0,8.0,6.0,3.0,1.0,,2.0,1.0
2020-10-27,2.0,,,,2.0,1.0,,1.0,2.0,6.0,3.0,7.0,11.0,10.0,10.0,7.0,6.0,1.0,6.0,,,,
2020-10-28,3.0,,1.0,1.0,3.0,,1.0,1.0,,2.0,7.0,5.0,8.0,3.0,8.0,7.0,6.0,3.0,4.0,,,,
2020-10-29,1.0,,,,,1.0,,,2.0,3.0,5.0,8.0,7.0,10.0,11.0,9.0,8.0,4.0,1.0,,,,
2020-10-30,1.0,1.0,,1.0,2.0,1.0,1.0,1.0,5.0,6.0,3.0,3.0,10.0,15.0,11.0,5.0,3.0,7.0,3.0,,,,
2020-10-31,3.0,,,,,,2.0,3.0,2.0,2.0,4.0,4.0,5.0,6.0,9.0,7.0,8.0,3.0,1.0,1.0,,,1.0
2020-11-01,5.0,1.0,,2.0,,,1.0,2.0,3.0,2.0,6.0,4.0,10.0,5.0,16.0,9.0,9.0,6.0,1.0,1.0,,,
2020-11-02,3.0,,1.0,1.0,1.0,2.0,3.0,2.0,1.0,4.0,3.0,4.0,6.0,4.0,20.0,8.0,8.0,7.0,5.0,1.0,1.0,,
2020-11-03,2.0,2.0,,1.0,1.0,1.0,1.0,1.0,2.0,5.0,8.0,8.0,14.0,12.0,17.0,9.0,11.0,10.0,2.0,,,,
2020-11-04,4.0,,,,1.0,2.0,2.0,1.0,1.0,3.0,2.0,3.0,11.0,7.0,15.0,6.0,10.0,9.0,1.0,1.0,,,
2020-11-05,3.0,2.0,3.0,,,,1.0,2.0,3.0,4.0,1.0,8.0,7.0,10.0,16.0,15.0,14.0,6.0,3.0,,,,
2020-11-06,1.0,1.0,,3.0,,,,2.0,1.0,7.0,3.0,5.0,9.0,11.0,6.0,14.0,11.0,8.0,8.0,2.0,,,
2020-11-07,2.0,1.0,,,1.0,1.0,1.0,1.0,3.0,1.0,3.0,5.0,10.0,10.0,10.0,4.0,8.0,7.0,2.0,,,,
2020-11-08,4.0,1.0,,1.0,1.0,2.0,1.0,,5.0,,3.0,4.0,11.0,5.0,9.0,6.0,9.0,8.0,3.0,2.0,,,
2020-11-09,3.0,,,,1.0,,1.0,,3.0,6.0,5.0,10.0,11.0,7.0,6.0,6.0,5.0,7.0,4.0,1.0,1.0,,
2020-11-10,1.0,,1.0,3.0,1.0,,2.0,4.0,1.0,3.0,5.0,5.0,2.0,11.0,13.0,11.0,9.0,6.0,2.0,1.0,,,
2020-11-11,2.0,,,1.0,1.0,,1.0,5.0,4.0,4.0,1.0,6.0,10.0,9.0,11.0,8.0,6.0,10.0,5.0,,,,
2020-11-12,5.0,,,,,1.0,1.0,2.0,2.0,4.0,3.0,4.0,8.0,7.0,15.0,9.0,8.0,4.0,1.0,,,,
2020-11-13,4.0,2.0,,,2.0,,,1.0,3.0,2.0,4.0,7.0,8.0,7.0,10.0,7.0,7.0,7.0,3.0,,,,
2020-11-14,2.0,,,,1.0,1.0,,4.0,3.0,6.0,3.0,9.0,12.0,13.0,13.0,7.0,4.0,3.0,3.0,,,,
2020-11-15,1.0,,2.0,,1.0,3.0,,,3.0,1.0,7.0,3.0,3.0,7.0,9.0,10.0,6.0,3.0,3.0,,,,
2020-11-16,,,1.0,,,1.0,2.0,2.0,2.0,3.0,4.0,9.0,10.0,10.0,12.0,3.0,5.0,5.0,3.0,,,,
2020-11-17,4.0,,,,,,,1.0,1.0,,1.0,4.0,4.0,9.0,10.0,9.0,9.0,5.0,,,2.0,,
2020-11-18,,,,2.0,2.0,,,1.0,2.0,3.0,3.0,2.0,3.0,8.0,10.0,7.0,10.0,8.0,4.0,2.0,1.0,1.0,
2020-11-19,2.0,,,2.0,,1.0,1.0,1.0,3.0,1.0,1.0,5.0,3.0,13.0,11.0,10.0,11.0,3.0,1.0,1.0,,,
2020-11-20,,,,,1.0,2.0,1.0,,6.0,1.0,3.0,9.0,9.0,8.0,18.0,8.0,10.0,8.0,1.0,,,,
2020-11-21,3.0,,,1.0,,1.0,,2.0,,3.0,5.0,7.0,6.0,5.0,12.0,13.0,8.0,6.0,1.0,1.0,,,
2020-11-22,2.0,1.0,,3.0,,,,2.0,4.0,2.0,5.0,4.0,8.0,5.0,8.0,6.0,8.0,6.0,4.0,2.0,,,
2020-11-23,2.0,,,,,1.0,2.0,2.0,1.0,3.0,5.0,4.0,5.0,8.0,12.0,10.0,14.0,5.0,3.0,1.0,,,
2020-11-24,4.0,,2.0,,3.0,,1.0,,,1.0,4.0,3.0,6.0,4.0,10.0,12.0,9.0,5.0,5.0,2.0,,1.0,
2020-11-25,1.0,1.0,,1.0,,,1.0,2.0,2.0,6.0,6.0,8.0,7.0,13.0,15.0,11.0,6.0,7.0,2.0,1.0,,,
2020-11-26,3.0,,,,,4.0,2.0,1.0,3.0,1.0,8.0,9.0,6.0,12.0,11.0,7.0,10.0,5.0,7.0,,,,
2020-11-27,2.0,,,,1.0,,1.0,1.0,4.0,1.0,4.0,11.0,4.0,7.0,17.0,7.0,6.0,7.0,,2.0,,,
2020-11-28,2.0,,,,1.0,,,3.0,1.0,4.0,4.0,5.0,7.0,11.0,5.0,13.0,8.0,10.0,2.0,3.0,1.0,,
2020-11-29,4.0,,,1.0,,,,1.0,5.0,5.0,2.0,,9.0,15.0,10.0,11.0,8.0,11.0,4.0,,,,
2020-11-30,3.0,,,,,1.0,2.0,2.0,,6.0,2.0,5.0,7.0,10.0,8.0,12.0,10.0,7.0,4.0,,1.0,,
2020-12-01,2.0,,,,1.0,1.0,1.0,3.0,2.0,6.0,2.0,3.0,7.0,10.0,8.0,8.0,10.0,4.0,3.0,1.0,,,
2020-12-02,3.0,2.0,,,,2.0,1.0,,2.0,3.0,5.0,3.0,6.0,10.0,14.0,15.0,9.0,5.0,1.0,2.0,,,
2020-12-03,1.0,,2.0,,3.0,1.0,,,5.0,2.0,2.0,4.0,11.0,6.0,8.0,6.0,11.0,4.0,7.0,,,,
2020-12-04,5.0,,,,2.0,1.0,,1.0,4.0,7.0,,5.0,5.0,6.0,8.0,20.0,10.0,11.0,3.0,,1.0,,
2020-12-05,1.0,,,1.0,1.0,,,2.0,2.0,4.0,5.0,9.0,9.0,10.0,9.0,5.0,7.0,5.0,6.0,4.0,,,
2020-12-06,1.0,,,1.0,,1.0,2.0,2.0,4.0,2.0,5.0,6.0,7.0,5.0,11.0,13.0,12.0,5.0,7.0,1.0,,,
2020-12-07,1.0,,1.0,,1.0,1.0,,2.0,2.0,5.0,6.0,9.0,10.0,13.0,16.0,10.0,13.0,6.0,2.0,1.0,,,
2020-12-08,7.0,1.0,1.0,,2.0,2.0,,,2.0,1.0,5.0,4.0,2.0,10.0,17.0,6.0,11.0,9.0,4.0,,,,
2020-12-09,,,1.0,1.0,1.0,1.0,,1.0,5.0,2.0,4.0,7.0,13.0,6.0,12.0,17.0,12.0,7.0,3.0,2.0,,,
2020-12-10,2.0,,1.0,,,1.0,4.0,2.0,,3.0,5.0,5.0,2.0,10.0,12.0,10.0,8.0,7.0,2.0,,,,
2020-12-11,4.0,,,,2.0,2.0,1.0,1.0,2.0,3.0,3.0,9.0,7.0,8.0,9.0,8.0,11.0,12.0,2.0,,,,
2020-12-12,2.0,,,1.0,,2.0,,5.0,1.0,2.0,5.0,6.0,9.0,12.0,6.0,11.0,10.0,7.0,6.0,1.0,,,
2020-12-13,,,1.0,2.0,,,1.0,2.0,2.0,6.0,11.0,5.0,8.0,9.0,10.0,9.0,16.0,8.0,1.0,1.0,1.0,,
2020-12-14,5.0,1.0,1.0,1.0,2.0,,2.0,3.0,2.0,4.0,6.0,11.0,7.0,5.0,14.0,11.0,8.0,7.0,6.0,1.0,,,
2020-12-15,1.0,,1.0,1.0,,,2.0,1.0,3.0,7.0,7.0,3.0,6.0,10.0,13.0,14.0,8.0,9.0,4.0,,,,
2020-12-16,2.0,,,,,3.0,1.0,1.0,1.0,3.0,8.0,4.0,4.0,15.0,9.0,11.0,7.0,4.0,5.0,1.0,,,
2020-12-17,2.0,,,3.0,,1.0,1.0,2.0,4.0,3.0,5.0,2.0,5.0,11.0,12.0,12.0,12.0,16.0,5.0,1.0,,,
2020-12-18,4.0,,1.0,,1.0,2.0,1.0,5.0,2.0,,9.0,16.0,12.0,10.0,18.0,6.0,13.0,8.0,2.0,1.0,,,
2020-12-19,3.0,,,,,3.0,,1.0,4.0,6.0,2.0,10.0,5.0,9.0,13.0,5.0,9.0,11.0,3.0,2.0,,,
2020-12-20,5.0,,,1.0,3.0,1.0,,,2.0,6.0,5.0,7.0,4.0,11.0,10.0,11.0,11.0,7.0,1.0,3.0,,,
2020-12-21,4.0,,1.0,2.0,,3.0,2.0,2.0,,2.0,7.0,9.0,7.0,9.0,9.0,7.0,7.0,6.0,7.0,1.0,,,
2020-12-22,3.0,,,1.0,1.0,1.0,5.0,3.0,1.0,1.0,2.0,9.0,6.0,9.0,13.0,15.0,12.0,8.0,5.0,2.0,,,
2020-12-23,4.0,1.0,,,1.0,1.0,1.0,2.0,2.0,3.0,6.0,8.0,12.0,9.0,12.0,9.0,9.0,6.0,7.0,1.0,,,
2020-12-24,4.0,2.0,1.0,3.0,1.0,,1.0,,3.0,2.0,5.0,8.0,8.0,13.0,14.0,8.0,16.0,5.0,1.0,3.0,,,
2020-12-25,8.0,1.0,,,1.0,1.0,3.0,,1.0,3.0,2.0,7.0,9.0,9.0,8.0,18.0,10.0,9.0,4.0,,,,
2020-12-26,1.0,1.0,1.0,2.0,1.0,1.0,2.0,1.0,3.0,2.0,3.0,4.0,14.0,11.0,12.0,8.0,11.0,9.0,5.0,,,,
2020-12-27,1.0,,,,2.0,1.0,1.0,,2.0,3.0,4.0,7.0,15.0,15.0,14.0,10.0,11.0,4.0,3.0,2.0,,,
2020-12-28,1.0,,,1.0,,,1.0,2.0,1.0,5.0,6.0,4.0,10.0,10.0,15.0,7.0,11.0,7.0,7.0,2.0,,,
2020-12-29,,,,1.0,,,1.0,4.0,2.0,4.0,6.0,5.0,9.0,6.0,5.0,10.0,6.0,4.0,2.0,,,,
2020-12-30,,,,1.0,,,1.0,1.0,5.0,5.0,9.0,6.0,14.0,8.0,15.0,4.0,4.0,8.0,3.0,1.0,1.0,,
2020-12-31,,,,1.0,3.0,,1.0,2.0,2.0,2.0,1.0,2.0,4.0,7.0,13.0,9.0,6.0,9.0,2.0,,,,
2021-01-01,3.0,,,,,2.0,1.0,1.0,5.0,2.0,8.0,5.0,6.0,9.0,7.0,5.0,8.0,6.0,2.0,,,,
2021-01-02,1.0,,,,,,,1.0,3.0,2.0,5.0,9.0,3.0,12.0,12.0,6.0,8.0,6.0,5.0,2.0,,,
2021-01-03,4.0,,,1.0,2.0,1.0,1.0,2.0,3.0,2.0,4.0,5.0,8.0,9.0,15.0,10.0,8.0,5.0,5.0,,,,
2021-01-04,2.0,,,1.0,,3.0,1.0,3.0,2.0,2.0,4.0,3.0,13.0,10.0,6.0,7.0,8.0,5.0,5.0,1.0,,,
2021-01-05,4.0,1.0,1.0,1.0,1.0,1.0,1.0,3.0,,4.0,3.0,4.0,7.0,9.0,8.0,10.0,5.0,10.0,2.0,1.0,,,
2021-01-06,3.0,,,1.0,3.0,1.0,2.0,2.0,3.0,1.0,4.0,7.0,11.0,6.0,9.0,4.0,14.0,4.0,4.0,1.0,,,
2021-01-07,3.0,,,,1.0,,2.0,,1.0,2.0,2.0,6.0,5.0,6.0,15.0,12.0,7.0,9.0,5.0,1.0,,,
2021-01-08,3.0,1.0,,1.0,1.0,3.0,1.0,,4.0,2.0,7.0,3.0,5.0,10.0,8.0,15.0,7.0,8.0,4.0,,,,
2021-01-09,2.0,,,1.0,1.0,,3.0,2.0,1.0,4.0,5.0,8.0,7.0,12.0,10.0,8.0,9.0,6.0,3.0,2.0,,,
2021-01-10,2.0,,1.0,,1.0,,1.0,1.0,3.0,3.0,7.0,5.0,9.0,11.0,14.0,10.0,4.0,8.0,6.0,,,,
2021-01-11,2.0,,1.0,2.0,2.0,2.0,1.0,,3.0,2.0,4.0,8.0,8.0,9.0,11.0,11.0,11.0,2.0,1.0,4.0,,,
2021-01-12,4.0,1.0,1.0,1.0,2.0,1.0,2.0,1.0,4.0,1.0,,4.0,14.0,12.0,11.0,6.0,10.0,5.0,2.0,1.0,,,
2021-01-13,1.0,,,,,2.0,2.0,3.0,5.0,4.0,3.0,10.0,10.0,13.0,14.0,6.0,12.0,3.0,5.0,1.0,1.0,,
2021-01-14,3.0,,,2.0,,1.0,1.0,1.0,3.0,4.0,1.0,7.0,8.0,3.0,6.0,6.0,9.0,7.0,2.0,2.0,,,
2021-01-15,1.0,,,2.0,,1.0,2.0,2.0,2.0,3.0,4.0,2.0,6.0,6.0,7.0,9.0,12.0,10.0,1.0,2.0,1.0,,
2021-01-16,1.0,,,1.0,,,1.0,2.0,2.0,4.0,4.0,11.0,8.0,10.0,5.0,7.0,10.0,5.0,6.0,2.0,,,
2021-01-17,2.0,,1.0,1.0,,3.0,1.0,1.0,1.0,5.0,3.0,10.0,4.0,12.0,8.0,17.0,9.0,8.0,3.0,2.0,,,
2021-01-18,1.0,,,1.0,1.0,,1.0,,3.0,2.0,5.0,8.0,11.0,14.0,12.0,9.0,6.0,10.0,4.0,,,,
2021-01-19,3.0,,1.0,,,1.0,2.0,4.0,2.0,3.0,2.0,8.0,8.0,7.0,4.0,8.0,9.0,7.0,6.0,1.0,,,
2021-01-20,4.0,1.0,,,,,2.0,1.0,3.0,6.0,2.0,7.0,7.0,2.0,12.0,8.0,11.0,4.0,3.0,2.0,,,
2021-01-21,2.0,1.0,1.0,1.0,,5.0,2.0,4.0,4.0,3.0,2.0,9.0,9.0,6.0,12.0,9.0,9.0,6.0,2.0,2.0,,,
2021-01-22,1.0,1.0,,1.0,,,,6.0,,5.0,4.0,6.0,11.0,8.0,14.0,9.0,11.0,5.0,2.0,2.0,,,
2021-01-23,2.0,,,1.0,3.0,2.0,,3.0,3.0,1.0,2.0,8.0,6.0,18.0,11.0,7.0,8.0,5.0,7.0,1.0,,,
2021-01-24,1.0,,,,1.0,2.0,,,3.0,5.0,3.0,4.0,3.0,7.0,12.0,9.0,10.0,3.0,5.0,1.0,,,
2021-01-25,4.0,,,2.0,1.0,1.0,1.0,,2.0,3.0,5.0,7.0,7.0,4.0,14.0,10.0,11.0,7.0,8.0,,,,
2021-01-26,1.0,,,,,2.0,1.0,2.0,3.0,2.0,2.0,8.0,6.0,10.0,7.0,12.0,3.0,6.0,11.0,1.0,1.0,,
2021-01-27,1.0,2.0,,,1.0,,2.0,1.0,1.0,4.0,2.0,8.0,5.0,8.0,6.0,7.0,5.0,5.0,2.0,2.0,,,
2021-01-28,4.0,1.0,1.0,2.0,1.0,,,,2.0,3.0,4.0,9.0,4.0,8.0,12.0,12.0,12.0,13.0,4.0,1.0,,,
2021-01-29,2.0,,1.0,3.0,,,1.0,1.0,1.0,1.0,6.0,6.0,9.0,8.0,19.0,6.0,5.0,3.0,4.0,5.0,,,
2021-01-30,1.0,1.0,,1.0,1.0,1.0,1.0,3.0,1.0,9.0,6.0,10.0,9.0,6.0,10.0,6.0,5.0,4.0,6.0,,,,
2021-01-31,1.0,,1.0,,2.0,,1.0,2.0,5.0,3.0,2.0,3.0,8.0,10.0,12.0,6.0,7.0,3.0,4.0,,,,
2021-02-01,,,,2.0,,,1.0,6.0,1.0,3.0,1.0,6.0,9.0,8.0,15.0,15.0,5.0,5.0,2.0,3.0,,,
2021-02-02,3.0,,,,1.0,2.0,1.0,3.0,3.0,4.0,7.0,5.0,5.0,7.0,17.0,6.0,8.0,5.0,2.0,2.0,,,
2021-02-03,2.0,,,,2.0,,,2.0,2.0,3.0,4.0,8.0,8.0,7.0,15.0,4.0,6.0,10.0,3.0,4.0,1.0,,
2021-02-04,,1.0,,,2.0,1.0,2.0,2.0,3.0,3.0,3.0,4.0,3.0,18.0,9.0,6.0,6.0,9.0,3.0,1.0,,,
2021-02-05,3.0,,,1.0,1.0,1.0,1.0,1.0,1.0,2.0,3.0,9.0,6.0,7.0,8.0,5.0,4.0,9.0,1.0,2.0,,,
2021-02-06,4.0,1.0,,,,4.0,1.0,2.0,2.0,2.0,2.0,8.0,5.0,10.0,12.0,9.0,8.0,7.0,2.0,,,,
2021-02-07,1.0,,,,1.0,1.0,3.0,1.0,5.0,4.0,6.0,4.0,9.0,11.0,15.0,6.0,3.0,6.0,2.0,3.0,,,
2021-02-08,1.0,,2.0,,4.0,,1.0,,2.0,3.0,2.0,2.0,4.0,16.0,6.0,8.0,10.0,7.0,5.0,,,,
2021-02-09,,,,,3.0,,,1.0,3.0,3.0,3.0,8.0,4.0,14.0,8.0,12.0,12.0,2.0,3.0,,,1.0,
2021-02-10,,,1.0,,1.0,1.0,3.0,2.0,4.0,2.0,6.0,5.0,12.0,12.0,6.0,4.0,3.0,6.0,8.0,,,,
2021-02-11,,,,1.0,1.0,,1.0,1.0,,2.0,2.0,8.0,10.0,12.0,10.0,6.0,5.0,2.0,1.0,,,,
2021-02-12,1.0,,,,4.0,1.0,2.0,2.0,1.0,4.0,8.0,7.0,10.0,7.0,7.0,6.0,9.0,4.0,4.0,,1.0,,
2021-02-13,,1.0,,1.0,,,5.0,1.0,1.0,5.0,5.0,5.0,12.0,7.0,9.0,5.0,7.0,4.0,5.0,1.0,1.0,,
2021-02-14,2.0,1.0,,,,,,,3.0,3.0,3.0,8.0,4.0,12.0,7.0,7.0,9.0,3.0,2.0,,,,
2021-02-15,5.0,1.0,,,3.0,1.0,3.0,,,4.0,3.0,6.0,5.0,5.0,11.0,10.0,2.0,2.0,2.0,1.0,,,
2021-02-16,1.0,,1.0,2.0,,,5.0,2.0,2.0,3.0,6.0,8.0,9.0,11.0,9.0,6.0,11.0,5.0,2.0,,,,
2021-02-17,6.0,,,1.0,,2.0,,3.0,1.0,5.0,2.0,7.0,5.0,6.0,13.0,7.0,15.0,2.0,2.0,1.0,,,
2021-02-18,1.0,,,,,2.0,,,2.0,3.0,8.0,6.0,5.0,6.0,9.0,8.0,8.0,5.0,2.0,1.0,,,
2021-02-19,1.0,,,1.0,2.0,,1.0,3.0,2.0,9.0,4.0,7.0,6.0,5.0,12.0,8.0,10.0,7.0,3.0,1.0,,,
2021-02-20,,,,1.0,,3.0,,1.0,2.0,5.0,4.0,2.0,8.0,8.0,7.0,9.0,3.0,4.0,3.0,,,,
2021-02-21,1.0,,2.0,,,1.0,1.0,1.0,1.0,3.0,1.0,6.0,4.0,7.0,7.0,4.0,5.0,5.0,3.0,,,,
2021-02-22,1.0,2.0,,2.0,2.0,2.0,1.0,4.0,6.0,1.0,5.0,5.0,8.0,3.0,10.0,8.0,5.0,3.0,3.0,,,,
2021-02-23,4.0,,,4.0,1.0,,1.0,2.0,2.0,6.0,3.0,5.0,5.0,9.0,11.0,10.0,8.0,5.0,1.0,3.0,,,
2021-02-24,1.0,,1.0,,1.0,,,1.0,1.0,5.0,5.0,4.0,7.0,14.0,8.0,15.0,8.0,4.0,3.0,3.0,,,
2021-02-25,2.0,1.0,,1.0,,3.0,1.0,2.0,1.0,2.0,3.0,4.0,6.0,14.0,5.0,2.0,9.0,,3.0,,1.0,,
2021-02-26,1.0,,,,,,3.0,2.0,3.0,5.0,3.0,5.0,7.0,7.0,10.0,4.0,4.0,7.0,5.0,1.0,,,
2021-02-27,1.0,,1.0,1.0,,1.0,,1.0,4.0,6.0,5.0,7.0,5.0,6.0,13.0,11.0,9.0,5.0,2.0,1.0,,,
2021-02-28,1.0,,,1.0,2.0,,1.0,,1.0,4.0,5.0,5.0,4.0,5.0,6.0,6.0,8.0,4.0,1.0,2.0,2.0,,
2021-03-01,3.0,,1.0,,,3.0,1.0,2.0,3.0,4.0,6.0,2.0,9.0,3.0,8.0,9.0,4.0,5.0,3.0,1.0,1.0,,
2021-03-02,3.0,2.0,,,,,4.0,1.0,2.0,3.0,7.0,14.0,8.0,5.0,6.0,4.0,5.0,5.0,4.0,1.0,,,
2021-03-03,5.0,2.0,,,1.0,,1.0,2.0,4.0,4.0,4.0,6.0,7.0,11.0,6.0,8.0,5.0,7.0,1.0,2.0,,,
2021-03-04,3.0,,,,,,1.0,2.0,1.0,1.0,2.0,5.0,7.0,13.0,12.0,12.0,10.0,4.0,6.0,,,,
2021-03-05,1.0,,,1.0,,,,2.0,4.0,3.0,5.0,10.0,5.0,7.0,8.0,10.0,2.0,13.0,2.0,1.0,1.0,,
2021-03-06,4.0,,,,2.0,,2.0,1.0,,4.0,1.0,8.0,4.0,5.0,10.0,11.0,8.0,,3.0,4.0,,,
2021-03-07,3.0,2.0,1.0,1.0,,1.0,2.0,1.0,2.0,1.0,5.0,6.0,5.0,11.0,11.0,11.0,9.0,7.0,,,,,
2021-03-08,1.0,,,,1.0,2.0,1.0,1.0,2.0,2.0,5.0,4.0,5.0,8.0,7.0,7.0,2.0,5.0,4.0,,,,
2021-03-09,2.0,,,,,,2.0,1.0,2.0,2.0,4.0,3.0,15.0,10.0,8.0,6.0,9.0,4.0,4.0,,1.0,,
2021-03-10,3.0,1.0,,1.0,1.0,2.0,,,1.0,6.0,3.0,8.0,4.0,10.0,9.0,6.0,8.0,7.0,6.0,,1.0,,
2021-03-11,1.0,,,,4.0,1.0,3.0,2.0,3.0,2.0,5.0,4.0,9.0,11.0,6.0,8.0,5.0,4.0,9.0,1.0,,1.0,
2021-03-12,2.0,,,,,1.0,2.0,,1.0,1.0,5.0,4.0,8.0,8.0,5.0,11.0,10.0,7.0,3.0,,,,
2021-03-13,1.0,,2.0,,,,,1.0,1.0,4.0,7.0,9.0,9.0,10.0,6.0,4.0,9.0,4.0,1.0,,,,
2021-03-14,2.0,,,,,,,1.0,,2.0,4.0,1.0,2.0,5.0,10.0,6.0,13.0,8.0,3.0,,,,
2021-03-15,2.0,,,1.0,1.0,3.0,3.0,3.0,4.0,4.0,2.0,9.0,9.0,7.0,11.0,9.0,7.0,5.0,4.0,,,,
2021-03-16,3.0,,,,,1.0,,2.0,,4.0,2.0,6.0,6.0,8.0,10.0,2.0,7.0,8.0,4.0,2.0,,,
2021-03-17,2.0,,,,1.0,3.0,1.0,,1.0,3.0,3.0,10.0,6.0,10.0,9.0,11.0,5.0,3.0,2.0,2.0,,,
2021-03-18,2.0,,,,1.0,1.0,,,2.0,4.0,5.0,7.0,5.0,8.0,10.0,10.0,5.0,2.0,2.0,1.0,,,
2021-03-19,,1.0,,1.0,1.0,,,2.0,,2.0,5.0,11.0,6.0,11.0,9.0,11.0,6.0,4.0,5.0,1.0,,,
2021-03-20,2.0,,,,1.0,2.0,3.0,1.0,2.0,3.0,5.0,5.0,10.0,8.0,7.0,7.0,10.0,6.0,,,,,
2021-03-21,2.0,,,,1.0,1.0,,1.0,6.0,3.0,5.0,6.0,16.0,6.0,12.0,7.0,6.0,5.0,3.0,3.0,,,
2021-03-22,2.0,,,,3.0,1.0,1.0,4.0,2.0,1.0,6.0,10.0,2.0,13.0,14.0,11.0,5.0,8.0,2.0,,,,
2021-03-23,2.0,,,2.0,1.0,1.0,1.0,1.0,4.0,2.0,5.0,6.0,10.0,14.0,10.0,1.0,11.0,2.0,2.0,,,,
2021-03-24,2.0,,1.0,2.0,1.0,,,1.0,1.0,4.0,7.0,5.0,10.0,8.0,9.0,11.0,8.0,1.0,3.0,1.0,,,
2021-03-25,1.0,,1.0,,2.0,2.0,,3.0,3.0,4.0,6.0,5.0,6.0,5.0,8.0,9.0,12.0,2.0,,,,,
2021-03-26,1.0,,1.0,,,,1.0,3.0,1.0,4.0,4.0,9.0,7.0,5.0,12.0,8.0,7.0,8.0,5.0,,,,
2021-03-27,1.0,,,,,,4.0,1.0,4.0,4.0,3.0,6.0,6.0,10.0,9.0,7.0,18.0,6.0,4.0,2.0,,,
2021-03-28,1.0,1.0,1.0,,1.0,,1.0,2.0,3.0,4.0,6.0,5.0,9.0,9.0,4.0,10.0,7.0,3.0,1.0,,,,
2021-03-29,4.0,,1.0,,1.0,2.0,,2.0,5.0,,1.0,4.0,12.0,7.0,10.0,11.0,5.0,5.0,4.0,2.0,,,
2021-03-30,,,1.0,1.0,2.0,,3.0,4.0,1.0,10.0,2.0,10.0,5.0,10.0,11.0,2.0,5.0,8.0,3.0,2.0,,,
2021-03-31,3.0,,,1.0,,1.0,3.0,2.0,1.0,6.0,4.0,6.0,5.0,12.0,15.0,9.0,14.0,8.0,3.0,1.0,,,
2021-04-01,,,1.0,4.0,,4.0,,,1.0,3.0,8.0,10.0,9.0,9.0,13.0,9.0,8.0,6.0,6.0,1.0,1.0,,
2021-04-02,,,,,,2.0,1.0,3.0,1.0,3.0,3.0,10.0,6.0,11.0,6.0,10.0,12.0,6.0,3.0,1.0,,,
2021-04-03,1.0,,,1.0,2.0,,1.0,,1.0,5.0,5.0,9.0,4.0,7.0,11.0,12.0,12.0,4.0,2.0,,2.0,,
2021-04-04,2.0,,,1.0,2.0,3.0,2.0,3.0,6.0,4.0,7.0,9.0,7.0,8.0,14.0,12.0,12.0,7.0,3.0,2.0,,,
2021-04-05,2.0,,,1.0,,,,2.0,1.0,3.0,5.0,9.0,6.0,8.0,17.0,11.0,6.0,4.0,5.0,2.0,,,
2021-04-06,4.0,,,1.0,1.0,1.0,2.0,,1.0,2.0,5.0,6.0,10.0,16.0,21.0,5.0,10.0,9.0,1.0,1.0,,,
2021-04-07,1.0,,,,1.0,2.0,,1.0,3.0,2.0,5.0,4.0,14.0,11.0,11.0,6.0,4.0,7.0,2.0,3.0,1.0,,
2021-04-08,,,,,1.0,,2.0,1.0,1.0,5.0,5.0,12.0,12.0,7.0,7.0,12.0,6.0,2.0,4.0,1.0,,,
2021-04-09,1.0,,,2.0,2.0,1.0,2.0,2.0,1.0,1.0,7.0,3.0,15.0,13.0,5.0,12.0,15.0,1.0,1.0,,,,
2021-04-10,1.0,,,1.0,,1.0,1.0,2.0,5.0,5.0,8.0,5.0,10.0,13.0,11.0,9.0,7.0,4.0,1.0,3.0,,,
2021-04-11,1.0,1.0,,,1.0,,1.0,1.0,3.0,6.0,6.0,9.0,7.0,12.0,13.0,10.0,13.0,7.0,2.0,3.0,,,
2021-04-12,2.0,,,,2.0,1.0,1.0,,8.0,6.0,8.0,9.0,7.0,13.0,10.0,11.0,16.0,2.0,2.0,4.0,,,
2021-04-13,3.0,,1.0,1.0,1.0,3.0,1.0,,4.0,8.0,6.0,8.0,11.0,10.0,12.0,7.0,12.0,6.0,2.0,2.0,,,
2021-04-14,,,,2.0,,3.0,,2.0,1.0,5.0,6.0,10.0,13.0,13.0,8.0,7.0,9.0,5.0,8.0,1.0,,,
2021-04-15,,,,1.0,,2.0,1.0,1.0,2.0,12.0,4.0,7.0,7.0,5.0,15.0,10.0,9.0,10.0,7.0,1.0,1.0,,
2021-04-16,2.0,,2.0,1.0,1.0,,,1.0,4.0,4.0,8.0,8.0,16.0,14.0,15.0,11.0,7.0,5.0,3.0,4.0,,,
2021-04-17,2.0,,,2.0,2.0,,1.0,1.0,2.0,5.0,5.0,14.0,8.0,14.0,12.0,11.0,11.0,6.0,4.0,,,,
2021-04-18,1.0,1.0,,,,1.0,1.0,4.0,4.0,3.0,8.0,9.0,20.0,14.0,14.0,10.0,9.0,5.0,2.0,2.0,1.0,,
2021-04-19,1.0,,,1.0,,3.0,2.0,,6.0,2.0,7.0,12.0,16.0,16.0,14.0,22.0,10.0,4.0,1.0,,,,
2021-04-20,2.0,,1.0,2.0,1.0,,5.0,1.0,3.0,9.0,8.0,14.0,17.0,16.0,12.0,9.0,11.0,11.0,7.0,,,,
2021-04-21,1.0,,,,,,1.0,1.0,5.0,8.0,9.0,12.0,17.0,10.0,16.0,12.0,10.0,6.0,4.0,,,,
2021-04-22,2.0,,,,1.0,,4.0,,6.0,12.0,12.0,13.0,13.0,16.0,19.0,18.0,13.0,8.0,,1.0,,,
2021-04-23,2.0,,1.0,,1.0,1.0,1.0,6.0,2.0,7.0,8.0,14.0,19.0,15.0,18.0,24.0,14.0,10.0,2.0,1.0,,,
2021-04-24,1.0,,,,,1.0,4.0,7.0,2.0,9.0,10.0,18.0,21.0,20.0,26.0,16.0,18.0,14.0,7.0,2.0,1.0,,
2021-04-25,4.0,,2.0,1.0,2.0,2.0,3.0,1.0,5.0,7.0,16.0,19.0,19.0,23.0,27.0,9.0,20.0,6.0,6.0,1.0,,,
2021-04-26,2.0,,1.0,,,1.0,2.0,4.0,5.0,5.0,13.0,18.0,30.0,24.0,29.0,21.0,16.0,9.0,5.0,1.0,,,
2021-04-27,4.0,1.0,,2.0,,,7.0,1.0,4.0,11.0,17.0,27.0,16.0,17.0,32.0,17.0,18.0,12.0,8.0,3.0,,,
2021-04-28,1.0,1.0,,,1.0,3.0,2.0,3.0,4.0,12.0,13.0,27.0,26.0,24.0,25.0,20.0,19.0,9.0,7.0,5.0,1.0,,
2021-04-29,4.0,,,1.0,,4.0,2.0,2.0,3.0,10.0,8.0,17.0,22.0,32.0,25.0,26.0,16.0,14.0,3.0,3.0,,,
2021-04-30,4.0,2.0,,1.0,,,2.0,3.0,5.0,12.0,14.0,29.0,26.0,31.0,23.0,23.0,19.0,10.0,8.0,3.0,,,
2021-05-01,1.0,,,1.0,,2.0,2.0,3.0,2.0,9.0,20.0,17.0,20.0,32.0,33.0,29.0,28.0,12.0,6.0,2.0,,,
2021-05-02,1.0,,,,1.0,1.0,2.0,6.0,11.0,5.0,14.0,15.0,29.0,28.0,34.0,32.0,21.0,12.0,6.0,2.0,,,
2021-05-03,1.0,,1.0,1.0,2.0,1.0,2.0,4.0,6.0,16.0,14.0,19.0,36.0,32.0,45.0,18.0,20.0,22.0,6.0,1.0,,1.0,
2021-05-04,4.0,,1.0,1.0,,2.0,3.0,,5.0,12.0,16.0,26.0,29.0,38.0,37.0,30.0,25.0,20.0,5.0,,,,
2021-05-05,1.0,1.0,,1.0,1.0,5.0,2.0,5.0,13.0,11.0,25.0,34.0,25.0,27.0,38.0,21.0,24.0,17.0,6.0,3.0,,,
2021-05-06,3.0,,,,,1.0,3.0,2.0,5.0,10.0,18.0,27.0,28.0,27.0,26.0,31.0,23.0,17.0,6.0,2.0,1.0,,
2021-05-07,,,,1.0,2.0,1.0,5.0,5.0,5.0,8.0,14.0,33.0,29.0,39.0,34.0,22.0,25.0,15.0,10.0,2.0,1.0,,
2021-05-08,4.0,2.0,,1.0,1.0,1.0,5.0,6.0,6.0,10.0,16.0,20.0,34.0,28.0,41.0,22.0,22.0,9.0,8.0,3.0,1.0,,
2021-05-09,1.0,,,1.0,3.0,2.0,5.0,2.0,4.0,8.0,17.0,33.0,33.0,27.0,35.0,29.0,21.0,11.0,6.0,1.0,,,
2021-05-10,,1.0,,,2.0,6.0,5.0,6.0,11.0,14.0,27.0,33.0,36.0,27.0,45.0,22.0,35.0,13.0,7.0,4.0,1.0,,
2021-05-11,3.0,,,,2.0,2.0,4.0,5.0,14.0,10.0,15.0,24.0,27.0,27.0,42.0,23.0,33.0,13.0,13.0,1.0,,,
2021-05-12,2.0,,,1.0,,4.0,2.0,4.0,8.0,11.0,22.0,25.0,34.0,47.0,34.0,20.0,28.0,15.0,7.0,2.0,,,
2021-05-13,,,,,1.0,1.0,5.0,4.0,3.0,15.0,16.0,31.0,24.0,29.0,46.0,25.0,26.0,16.0,5.0,2.0,1.0,,
2021-05-14,1.0,,,,,,2.0,2.0,3.0,6.0,15.0,28.0,31.0,42.0,37.0,26.0,24.0,16.0,10.0,2.0,,,
2021-05-15,1.0,1.0,,,2.0,1.0,4.0,3.0,6.0,21.0,15.0,22.0,29.0,23.0,36.0,27.0,20.0,17.0,14.0,1.0,,,
2021-05-16,4.0,,,,,1.0,1.0,6.0,5.0,15.0,22.0,20.0,24.0,30.0,29.0,22.0,24.0,14.0,6.0,1.0,2.0,,
2021-05-17,3.0,,1.0,1.0,5.0,2.0,5.0,2.0,9.0,9.0,21.0,21.0,39.0,34.0,28.0,27.0,21.0,17.0,5.0,1.0,,,
2021-05-18,5.0,,,1.0,3.0,3.0,3.0,4.0,3.0,8.0,15.0,22.0,18.0,26.0,22.0,28.0,19.0,14.0,4.0,3.0,,,
2021-05-19,2.0,,,1.0,,,3.0,8.0,11.0,13.0,24.0,24.0,28.0,24.0,32.0,24.0,24.0,14.0,10.0,2.0,,,
2021-05-20,2.0,,,1.0,,3.0,2.0,1.0,3.0,6.0,13.0,19.0,33.0,25.0,25.0,27.0,25.0,18.0,5.0,2.0,,,
2021-05-21,6.0,,,,2.0,3.0,2.0,7.0,10.0,12.0,6.0,21.0,23.0,20.0,23.0,25.0,12.0,6.0,8.0,2.0,,,
2021-05-22,,,,,,3.0,,6.0,7.0,12.0,9.0,19.0,17.0,23.0,26.0,16.0,21.0,9.0,3.0,3.0,,,
2021-05-23,1.0,,,1.0,,3.0,2.0,4.0,7.0,9.0,17.0,16.0,29.0,27.0,24.0,16.0,11.0,10.0,2.0,,1.0,,
2021-05-24,2.0,,1.0,,2.0,,,5.0,9.0,6.0,11.0,15.0,23.0,19.0,22.0,18.0,16.0,7.0,5.0,1.0,,,
2021-05-25,1.0,,,,1.0,1.0,1.0,6.0,7.0,10.0,13.0,28.0,24.0,22.0,28.0,20.0,12.0,10.0,6.0,,,,
2021-05-26,1.0,,,1.0,3.0,,1.0,8.0,6.0,14.0,15.0,13.0,27.0,22.0,27.0,22.0,13.0,11.0,3.0,3.0,,,
2021-05-27,,,,,,1.0,6.0,6.0,9.0,9.0,12.0,21.0,31.0,20.0,26.0,8.0,15.0,12.0,3.0,2.0,,,
2021-05-28,2.0,,,,,6.0,3.0,,6.0,4.0,8.0,16.0,14.0,20.0,23.0,16.0,25.0,16.0,8.0,2.0,1.0,,
2021-05-29,4.0,,,,1.0,3.0,1.0,4.0,7.0,7.0,14.0,18.0,19.0,20.0,23.0,11.0,10.0,8.0,4.0,1.0,1.0,,
2021-05-30,4.0,,1.0,1.0,,1.0,3.0,4.0,4.0,7.0,12.0,8.0,8.0,11.0,30.0,16.0,11.0,14.0,6.0,3.0,,,
2021-05-31,2.0,,,,,1.0,2.0,,8.0,8.0,9.0,18.0,24.0,17.0,29.0,9.0,13.0,14.0,5.0,5.0,,,
2021-06-01,1.0,,1.0,,,2.0,,2.0,1.0,7.0,10.0,16.0,16.0,16.0,13.0,11.0,8.0,8.0,4.0,4.0,,,
2021-06-02,3.0,,2.0,1.0,,,3.0,2.0,3.0,5.0,8.0,18.0,13.0,14.0,21.0,9.0,12.0,7.0,2.0,1.0,,,
2021-06-03,2.0,,,,1.0,2.0,,3.0,3.0,5.0,8.0,6.0,15.0,9.0,16.0,13.0,10.0,5.0,7.0,2.0,,,
2021-06-04,2.0,1.0,,,3.0,,1.0,4.0,3.0,6.0,5.0,7.0,17.0,11.0,11.0,6.0,7.0,9.0,2.0,,,,
2021-06-05,1.0,,1.0,,1.0,,2.0,,2.0,4.0,4.0,6.0,10.0,14.0,10.0,12.0,10.0,6.0,4.0,2.0,,1.0,
2021-06-06,,,1.0,1.0,,2.0,1.0,5.0,2.0,5.0,6.0,4.0,11.0,7.0,10.0,5.0,6.0,4.0,2.0,1.0,,,
2021-06-07,,,1.0,1.0,,,,2.0,,6.0,1.0,5.0,14.0,9.0,12.0,10.0,6.0,2.0,3.0,,1.0,,
2021-06-08,1.0,,1.0,,1.0,1.0,2.0,1.0,3.0,7.0,10.0,7.0,9.0,5.0,6.0,7.0,3.0,5.0,1.0,2.0,,,
2021-06-09,1.0,,,,1.0,3.0,1.0,2.0,,5.0,6.0,7.0,15.0,8.0,11.0,6.0,4.0,3.0,2.0,1.0,,,
2021-06-10,1.0,,1.0,1.0,,1.0,2.0,2.0,2.0,8.0,4.0,11.0,3.0,10.0,9.0,5.0,3.0,3.0,2.0,1.0,,,
2021-06-11,,,,,1.0,,,2.0,1.0,,2.0,4.0,5.0,6.0,7.0,5.0,10.0,5.0,1.0,,,,
2021-06-12,,,,1.0,,1.0,1.0,,2.0,7.0,11.0,5.0,6.0,11.0,9.0,5.0,9.0,5.0,2.0,,,,
2021-06-13,2.0,2.0,1.0,,,,,1.0,2.0,2.0,4.0,9.0,10.0,6.0,2.0,5.0,3.0,3.0,,,,,
2021-06-14,4.0,,,,1.0,,1.0,1.0,,1.0,2.0,6.0,8.0,7.0,3.0,3.0,,1.0,5.0,,,,
2021-06-15,2.0,,,1.0,,1.0,3.0,1.0,2.0,4.0,1.0,1.0,5.0,4.0,8.0,4.0,5.0,1.0,,,,,
2021-06-16,2.0,,,1.0,1.0,1.0,,2.0,1.0,2.0,2.0,3.0,8.0,6.0,5.0,4.0,3.0,2.0,,,,,
2021-06-17,,,,,,,,,,,1.0,6.0,,4.0,3.0,,1.0,1.0,1.0,,,,
2021-06-18,2.0,,,,1.0,,,1.0,2.0,,4.0,1.0,1.0,,2.0,,2.0,2.0,,,,,
2021-06-19,,,,,,,,,1.0,1.0,,2.0,1.0,,2.0,2.0,2.0,1.0,1.0,1.0,,,
2021-06-20,,,,,,,,,,,1.0,1.0,2.0,2.0,,,,1.0,1.0,,,,
2021-06-21,,,,,,,,,1.0,,,,,,,,1.0,,,,,,
2021-06-22,,,,,1.0,,,,,,,1.0,,1.0,,,,,,,,,
2021-06-23,,,,,,,,,,,,,1.0,,1.0,,,,,,,,
2021-06-24,,,,,,,,,,,,,,1.0,,,,,,,,,
